Asset,Name,Ticker,Date,Open,High,Low,Close,Volume
AAPL,Apple Inc.,AAPL,2025-04-28,209.0887,210.5822,206.5597,209.2281,38743100
AAPL,Apple Inc.,AAPL,2025-04-29,207.7844,211.319,207.4658,210.2935,36827600
AAPL,Apple Inc.,AAPL,2025-04-30,208.3917,212.6532,205.7731,211.5779,52286500
AAPL,Apple Inc.,AAPL,2025-05-01,208.1727,213.6289,207.9935,212.3943,57365700
AAPL,Apple Inc.,AAPL,2025-05-02,205.1957,206.0918,201.2827,204.4589,101010600
AAPL,Apple Inc.,AAPL,2025-05-05,202.2187,203.2143,197.3499,198.0269,69018500
AAPL,Apple Inc.,AAPL,2025-05-06,197.3499,199.7793,196.165,197.6486,51216500
AAPL,Apple Inc.,AAPL,2025-05-07,198.3057,198.5745,192.4114,195.3984,68536700
AAPL,Apple Inc.,AAPL,2025-05-08,196.862,199.1819,193.8352,196.633,50478900
AAPL,Apple Inc.,AAPL,2025-05-09,198.1364,199.6698,196.6828,197.6685,36453900
AAPL,Apple Inc.,AAPL,2025-05-12,210.3299,210.629,206.1227,210.1505,63775800
AAPL,Apple Inc.,AAPL,2025-05-13,209.7916,212.7526,208.3659,212.284,51909300
AAPL,Apple Inc.,AAPL,2025-05-14,211.7855,213.2909,209.9411,211.6858,49325800
AAPL,Apple Inc.,AAPL,2025-05-15,210.31,212.3139,208.9043,210.8085,45029500
AAPL,Apple Inc.,AAPL,2025-05-16,211.7157,211.9251,209.1336,210.6191,54737900
AAPL,Apple Inc.,AAPL,2025-05-19,207.2792,208.8445,203.6403,208.1466,46140500
AAPL,Apple Inc.,AAPL,2025-05-20,207.04,207.8375,204.408,206.2324,42496600
AAPL,Apple Inc.,AAPL,2025-05-21,204.5476,206.4119,200.1011,201.4769,59211800
AAPL,Apple Inc.,AAPL,2025-05-22,200.1011,202.1349,199.0941,200.7491,46742400
AAPL,Apple Inc.,AAPL,2025-05-23,193.0824,197.1002,192.8731,194.6776,78432900
AAPL,Apple Inc.,AAPL,2025-05-27,197.6984,200.131,196.831,199.6026,56288500
AAPL,Apple Inc.,AAPL,2025-05-28,199.9814,202.115,199.2935,199.812,45339700
AAPL,Apple Inc.,AAPL,2025-05-29,202.9624,203.1917,197.9077,199.3434,51396800
AAPL,Apple Inc.,AAPL,2025-05-30,198.7651,201.3473,196.183,200.2407,70819900
AAPL,Apple Inc.,AAPL,2025-06-02,199.6724,201.5168,199.5129,201.0881,35423300
AAPL,Apple Inc.,AAPL,2025-06-03,200.7391,203.1518,200.3503,202.6533,46381600
AAPL,Apple Inc.,AAPL,2025-06-04,202.2944,205.6143,201.4869,202.2047,43604000
AAPL,Apple Inc.,AAPL,2025-06-05,202.8826,204.1288,199.5428,200.0213,55126100
AAPL,Apple Inc.,AAPL,2025-06-06,202.3841,205.0759,201.437,203.3013,46607700
AAPL,Apple Inc.,AAPL,2025-06-09,203.7699,205.375,199.4132,200.8388,72862600
AAPL,Apple Inc.,AAPL,2025-06-10,199.9914,203.73,199.9615,202.0551,54672600
AAPL,Apple Inc.,AAPL,2025-06-11,202.8826,203.8796,197.8081,198.1769,60989900
AAPL,Apple Inc.,AAPL,2025-06-12,198.476,199.0742,196.7612,198.5957,43904600
AAPL,Apple Inc.,AAPL,2025-06-13,199.1241,199.7621,195.1063,195.854,51447300
AAPL,Apple Inc.,AAPL,2025-06-16,196.7014,198.0872,195.9637,197.818,43020700
AAPL,Apple Inc.,AAPL,2025-06-17,196.6017,197.7881,194.6178,195.0465,38856200
AAPL,Apple Inc.,AAPL,2025-06-18,195.3455,196.9706,194.4782,195.9836,45394700
AAPL,Apple Inc.,AAPL,2025-06-20,197.6386,201.0881,196.2628,200.3902,96813500
AAPL,Apple Inc.,AAPL,2025-06-23,201.0183,201.6862,198.3564,200.8887,55814300
AAPL,Apple Inc.,AAPL,2025-06-24,201.9754,202.8228,199.5926,199.6923,54064000
AAPL,Apple Inc.,AAPL,2025-06-25,200.8388,203.0521,200.0113,200.9485,39525700
AAPL,Apple Inc.,AAPL,2025-06-26,200.8189,202.0252,198.8549,200.3902,50799100
AAPL,Apple Inc.,AAPL,2025-06-27,201.2775,202.6035,199.3932,200.47,73188600
AAPL,Apple Inc.,AAPL,2025-06-30,201.3971,206.7608,198.6555,204.5475,91912800
AAPL,Apple Inc.,AAPL,2025-07-01,206.043,209.5523,205.5146,207.1895,78788900
AAPL,Apple Inc.,AAPL,2025-07-02,208.2762,212.6927,207.5085,211.7955,67941800
AAPL,Apple Inc.,AAPL,2025-07-03,211.5064,213.9988,211.1674,212.9021,34955800
AAPL,Apple Inc.,AAPL,2025-07-07,212.0348,215.574,208.1665,209.313,50229000
AAPL,Apple Inc.,AAPL,2025-07-08,209.4626,210.7885,207.8176,209.3728,42848900
AAPL,Apple Inc.,AAPL,2025-07-09,208.8943,210.6889,206.5913,210.4994,48749400
AAPL,Apple Inc.,AAPL,2025-07-10,209.8713,212.8323,209.3928,211.7656,44443600
AAPL,Apple Inc.,AAPL,2025-07-11,209.9312,211.4864,209.2233,210.5194,39765800
AAPL,Apple Inc.,AAPL,2025-07-14,209.2931,210.2701,206.9103,207.9871,38840100
AAPL,Apple Inc.,AAPL,2025-07-15,208.5853,211.2472,208.2862,208.4756,42296300
AAPL,Apple Inc.,AAPL,2025-07-16,209.662,211.7556,208.007,209.5224,47490500
AAPL,Apple Inc.,AAPL,2025-07-17,209.9312,211.1574,208.9541,209.3828,48068100
AAPL,Apple Inc.,AAPL,2025-07-18,210.2302,211.1475,209.0638,210.5393,48974600
AAPL,Apple Inc.,AAPL,2025-07-21,211.4565,215.1253,210.9879,211.8354,51377400
AAPL,Apple Inc.,AAPL,2025-07-22,212.4934,214.2979,211.5861,213.7495,46404100
AAPL,Apple Inc.,AAPL,2025-07-23,214.3477,214.4973,211.7656,213.5003,46989300
AAPL,Apple Inc.,AAPL,2025-07-24,213.2511,215.0356,212.8822,213.1115,46022600
AAPL,Apple Inc.,AAPL,2025-07-25,214.0486,214.587,212.7526,213.2311,40268800
AAPL,Apple Inc.,AAPL,2025-07-28,213.3807,214.1982,212.4136,213.4006,37858000
AAPL,Apple Inc.,AAPL,2025-07-29,213.5302,214.1583,210.1804,210.629,51411700
AAPL,Apple Inc.,AAPL,2025-07-30,211.2571,211.7457,207.0898,208.4158,45512500
AAPL,Apple Inc.,AAPL,2025-07-31,207.8575,209.2034,206.5315,206.9403,80698400
AAPL,Apple Inc.,AAPL,2025-08-01,210.2302,212.932,200.8887,201.766,104434500
AAPL,Apple Inc.,AAPL,2025-08-04,203.8895,207.2493,201.0681,202.7331,75109300
AAPL,Apple Inc.,AAPL,2025-08-05,202.7829,204.717,201.5467,202.3044,44155100
AAPL,Apple Inc.,AAPL,2025-08-06,205.0062,214.7266,204.9663,212.603,108483100
AAPL,Apple Inc.,AAPL,2025-08-07,218.216,220.18,215.9229,219.3625,90224800
AAPL,Apple Inc.,AAPL,2025-08-08,220.16,230.2992,218.5848,228.6542,113854000
AAPL,Apple Inc.,AAPL,2025-08-11,227.4864,229.1233,224.3324,226.7478,61806100
AAPL,Apple Inc.,AAPL,2025-08-12,227.5762,230.3609,226.638,229.2131,55626200
AAPL,Apple Inc.,AAPL,2025-08-13,230.6304,234.5529,229.9916,232.8861,69878500
AAPL,Apple Inc.,AAPL,2025-08-14,233.6147,234.6727,230.4108,232.3372,51916300
AAPL,Apple Inc.,AAPL,2025-08-15,233.5548,233.8343,228.9037,231.1494,56038700
AAPL,Apple Inc.,AAPL,2025-08-18,231.2592,232.6765,229.6722,230.4508,37476200
AAPL,Apple Inc.,AAPL,2025-08-19,230.84,232.427,228.9137,230.1214,39402600
AAPL,Apple Inc.,AAPL,2025-08-20,229.5425,230.0316,225.3405,225.58,42263900
AAPL,Apple Inc.,AAPL,2025-08-21,225.8396,226.0891,223.3543,224.4722,30621200
AAPL,Apple Inc.,AAPL,2025-08-22,225.7397,228.6542,224.9812,227.3267,42477800
AAPL,Apple Inc.,AAPL,2025-08-25,226.0491,228.8638,225.7996,226.7278,30983100
AAPL,Apple Inc.,AAPL,2025-08-26,226.4384,229.0534,224.2626,228.8738,54575100
AAPL,Apple Inc.,AAPL,2025-08-27,228.1751,230.4607,227.8258,230.0515,31259500
AAPL,Apple Inc.,AAPL,2025-08-28,230.3809,232.966,228.9037,232.1176,38074700
AAPL,Apple Inc.,AAPL,2025-08-29,232.0677,232.936,230.9298,231.6984,39418400
AAPL,Apple Inc.,AAPL,2025-09-02,228.8139,230.4108,226.5382,229.283,44075600
AAPL,Apple Inc.,AAPL,2025-09-03,236.7587,238.3956,233.9142,238.0163,66427800
AAPL,Apple Inc.,AAPL,2025-09-04,237.9964,239.4436,236.2896,239.3238,47549400
AAPL,Apple Inc.,AAPL,2025-09-05,239.5434,240.8609,238.0363,239.234,54870400
AAPL,Apple Inc.,AAPL,2025-09-08,238.8448,239.6931,235.8904,237.4275,48999500
AAPL,Apple Inc.,AAPL,2025-09-09,236.5491,238.3257,232.9161,233.9042,66313900
AAPL,Apple Inc.,AAPL,2025-09-10,231.7483,231.9778,225.5202,226.3586,83440800
AAPL,Apple Inc.,AAPL,2025-09-11,226.4484,230.0116,226.2188,229.5924,50208600
AAPL,Apple Inc.,AAPL,2025-09-12,228.7839,234.0639,228.5843,233.6247,55824200
AAPL,Apple Inc.,AAPL,2025-09-15,236.5491,237.7369,234.5829,236.2497,42699500
AAPL,Apple Inc.,AAPL,2025-09-16,236.7288,240.7611,235.8704,237.6969,63421100
AAPL,Apple Inc.,AAPL,2025-09-17,238.5154,239.6432,237.2777,238.5354,46508000
AAPL,Apple Inc.,AAPL,2025-09-18,239.5135,240.7411,236.1998,237.4275,44249600
AAPL,Apple Inc.,AAPL,2025-09-19,240.7711,245.8314,239.753,245.033,163741300
AAPL,Apple Inc.,AAPL,2025-09-22,247.8276,256.1518,247.648,255.5928,105517400
AAPL,Apple Inc.,AAPL,2025-09-23,255.3932,256.8504,253.0976,253.946,60275200
AAPL,Apple Inc.,AAPL,2025-09-24,254.7345,255.2535,250.5624,251.83,42303700
AAPL,Apple Inc.,AAPL,2025-09-25,252.7283,256.6808,251.2311,256.3813,55202100
AAPL,Apple Inc.,AAPL,2025-09-26,253.6166,257.1099,253.2972,254.974,46076300
AAPL,Apple Inc.,AAPL,2025-09-29,254.0757,254.5149,252.5287,253.946,40127700
AAPL,Apple Inc.,AAPL,2025-09-30,254.3752,255.4331,252.6285,254.1456,37704300
AAPL,Apple Inc.,AAPL,2025-10-01,254.5548,258.2977,254.445,254.964,48713900
AAPL,Apple Inc.,AAPL,2025-10-02,256.0919,257.6888,253.6665,256.6408,42630200
AAPL,Apple Inc.,AAPL,2025-10-03,254.1855,258.7468,253.4669,257.5291,49155600
AAPL,Apple Inc.,AAPL,2025-10-06,257.4992,258.5771,254.5648,256.2017,44664100
AAPL,Apple Inc.,AAPL,2025-10-07,256.3215,256.9103,254.9441,255.9921,31955800
AAPL,Apple Inc.,AAPL,2025-10-08,256.032,258.0282,255.6228,257.5691,36496900
AAPL,Apple Inc.,AAPL,2025-10-09,257.3195,257.5092,252.6584,253.5567,38322000
AAPL,Apple Inc.,AAPL,2025-10-10,254.455,255.8923,243.5358,244.8034,61999100
AAPL,Apple Inc.,AAPL,2025-10-13,248.9056,249.215,245.0928,247.1889,38142900
AAPL,Apple Inc.,AAPL,2025-10-14,246.1309,248.3766,244.2345,247.2986,35478000
AAPL,Apple Inc.,AAPL,2025-10-15,249.0154,251.341,246.9992,248.8657,33893600
AAPL,Apple Inc.,AAPL,2025-10-16,247.7777,248.5662,244.6637,246.9793,39777000
AAPL,Apple Inc.,AAPL,2025-10-17,247.5482,252.898,246.7996,251.81,49147000
AAPL,Apple Inc.,AAPL,2025-10-20,255.4032,263.8771,255.1437,261.7411,90483000
AAPL,Apple Inc.,AAPL,2025-10-21,261.3818,264.7853,261.3319,262.2701,46695900
AAPL,Apple Inc.,AAPL,2025-10-22,262.1503,262.35,254.9441,257.9583,45015300
AAPL,Apple Inc.,AAPL,2025-10-23,259.4455,260.1242,257.5192,259.0862,32754900
AAPL,Apple Inc.,AAPL,2025-10-24,260.6931,263.6275,258.6869,262.32,38253700
AAPL,Apple Inc.,AAPL,2025-10-27,264.3761,268.608,264.1465,268.2986,44888200
AAPL,Apple Inc.,AAPL,2025-10-28,268.4783,269.3766,267.6399,268.4883,41534800
AAPL,Apple Inc.,AAPL,2025-10-29,268.7677,270.8937,266.6018,269.1869,51086700
AAPL,Apple Inc.,AAPL,2025-10-30,271.4725,273.6185,267.9692,270.8837,69886500
AAPL,Apple Inc.,AAPL,2025-10-31,276.4631,276.7924,268.648,269.8557,86167100
AAPL,Apple Inc.,AAPL,2025-11-03,269.9056,270.3347,265.7435,268.5381,50194600
AAPL,Apple Inc.,AAPL,2025-11-04,267.8195,270.9735,267.1109,269.5263,49274800
AAPL,Apple Inc.,AAPL,2025-11-05,268.099,271.1831,266.4222,269.6261,43683100
AAPL,Apple Inc.,AAPL,2025-11-06,267.3804,272.8799,267.3804,269.2568,51204000
AAPL,Apple Inc.,AAPL,2025-11-07,269.2867,271.772,266.2625,267.9593,48227400
AAPL,Apple Inc.,AAPL,2025-11-10,268.7086,273.4741,267.21,269.1781,41312400
AAPL,Apple Inc.,AAPL,2025-11-11,269.5578,275.6521,269.5478,274.9927,46208300
AAPL,Apple Inc.,AAPL,2025-11-12,274.7429,275.4723,271.446,273.2144,48398000
AAPL,Apple Inc.,AAPL,2025-11-13,273.8537,276.4413,271.8356,272.6949,49602800
AAPL,Apple Inc.,AAPL,2025-11-14,270.7966,275.702,269.348,272.1553,47431300
AAPL,Apple Inc.,AAPL,2025-11-17,268.5687,270.2371,265.4816,267.21,45018300
AAPL,Apple Inc.,AAPL,2025-11-18,269.7376,270.4569,265.072,267.19,45677300
AAPL,Apple Inc.,AAPL,2025-11-19,265.2818,271.9555,265.2518,268.3089,40424500
AAPL,Apple Inc.,AAPL,2025-11-20,270.5768,275.1725,265.6714,266.0011,45823600
AAPL,Apple Inc.,AAPL,2025-11-21,265.7014,273.0745,265.4216,271.2362,59030800
AAPL,Apple Inc.,AAPL,2025-11-24,270.6468,276.7411,270.6468,275.6621,65585800
AAPL,Apple Inc.,AAPL,2025-11-25,275.0127,280.1179,274.9927,276.7111,46914200
AAPL,Apple Inc.,AAPL,2025-11-26,276.7011,279.2687,276.3714,277.2905,33431400
AAPL,Apple Inc.,AAPL,2025-11-28,277.0008,278.7392,275.732,278.5893,20135600
AAPL,Apple Inc.,AAPL,2025-12-01,277.7501,283.1551,275.8819,282.8354,46587700
AAPL,Apple Inc.,AAPL,2025-12-02,282.7354,287.1313,282.3658,285.9225,53669500
AAPL,Apple Inc.,AAPL,2025-12-03,285.9325,288.3502,283.0352,283.8844,43538700
AAPL,Apple Inc.,AAPL,2025-12-04,283.8344,284.4638,278.3295,280.4376,43989100
AAPL,Apple Inc.,AAPL,2025-12-05,280.2777,280.8772,277.7901,278.5194,47265800
AAPL,Apple Inc.,AAPL,2025-12-08,277.87,279.4086,275.8918,277.6302,38211800
AAPL,Apple Inc.,AAPL,2025-12-09,277.9,279.7682,276.6611,276.9209,32193300
AAPL,Apple Inc.,AAPL,2025-12-10,277.4903,279.4885,276.1816,278.5194,33038300
AAPL,Apple Inc.,AAPL,2025-12-11,278.8391,279.3286,273.554,277.7701,33248000
AAPL,Apple Inc.,AAPL,2025-12-12,277.6402,278.959,276.5612,278.0199,39532900
AAPL,Apple Inc.,AAPL,2025-12-15,279.8881,279.8881,272.5849,273.8537,50409100
AAPL,Apple Inc.,AAPL,2025-12-16,272.565,275.2425,271.5359,274.3533,37648600
AAPL,Apple Inc.,AAPL,2025-12-17,274.7529,275.9018,271.3861,271.5859,50138700
AAPL,Apple Inc.,AAPL,2025-12-18,273.3542,273.3742,266.7005,271.9355,51630700
AAPL,Apple Inc.,AAPL,2025-12-19,271.8956,274.3433,269.6477,273.4142,144632000
AAPL,Apple Inc.,AAPL,2025-12-22,272.6049,273.624,270.2571,270.7167,36571800
AAPL,Apple Inc.,AAPL,2025-12-23,270.5868,272.2453,269.308,272.1054,29642000
AAPL,Apple Inc.,AAPL,2025-12-24,272.0854,275.1725,271.9455,273.554,17910600
AAPL,Apple Inc.,AAPL,2025-12-26,273.9037,275.1126,272.6049,273.1444,21521800
AAPL,Apple Inc.,AAPL,2025-12-29,272.4351,274.1035,272.0954,273.5041,23715200
AAPL,Apple Inc.,AAPL,2025-12-30,272.555,273.8238,272.0255,272.8247,22139600
AAPL,Apple Inc.,AAPL,2025-12-31,272.8047,273.4241,271.496,271.6058,27293600
AAPL,Apple Inc.,AAPL,2026-01-02,272.0055,277.5803,268.7485,270.7567,37838100
AAPL,Apple Inc.,AAPL,2026-01-05,270.387,271.2562,265.8912,267.0102,45647200
AAPL,Apple Inc.,AAPL,2026-01-06,266.7504,267.2999,261.8749,262.1147,52352100
AAPL,Apple Inc.,AAPL,2026-01-07,262.954,263.4335,259.5671,260.0866,48309800
AAPL,Apple Inc.,AAPL,2026-01-08,256.7797,259.0476,255.461,258.7979,50419300
AAPL,Apple Inc.,AAPL,2026-01-09,258.8378,259.9667,255.9805,259.1275,39997000
AAPL,Apple Inc.,AAPL,2026-01-12,258.9177,261.0557,256.5599,260.0067,45263800
AAPL,Apple Inc.,AAPL,2026-01-13,258.4781,261.5652,258.1485,260.8059,45730800
AAPL,Apple Inc.,AAPL,2026-01-14,259.2474,261.5753,256.47,259.717,40019400
AAPL,Apple Inc.,AAPL,2026-01-15,260.4063,260.796,256.8097,257.9686,39388600
AAPL,Apple Inc.,AAPL,2026-01-16,257.6589,258.658,254.6917,255.2911,72142800
AAPL,Apple Inc.,AAPL,2026-01-20,252.4937,254.5518,243.1924,246.4694,80267500
AAPL,Apple Inc.,AAPL,2026-01-21,248.4675,251.3248,244.9508,247.4185,54641700
AAPL,Apple Inc.,AAPL,2026-01-22,248.967,250.7654,247.918,248.1178,39708300
AAPL,Apple Inc.,AAPL,2026-01-23,247.0888,249.1769,244.4513,247.8081,41689000
AAPL,Apple Inc.,AAPL,2026-01-26,251.2449,256.3202,249.5665,255.1712,55969200
AAPL,Apple Inc.,AAPL,2026-01-27,258.9277,261.7051,257.9686,258.0285,49648300
AAPL,Apple Inc.,AAPL,2026-01-28,257.4091,258.618,254.2721,256.2003,41288000
AAPL,Apple Inc.,AAPL,2026-01-29,257.7588,259.4073,254.1722,258.0385,67253000
AAPL,Apple Inc.,AAPL,2026-01-30,254.9314,261.6551,251.9442,259.2374,92443400
AAPL,Apple Inc.,AAPL,2026-02-02,259.7869,270.2371,258.9677,269.7576,73913400
AAPL,Apple Inc.,AAPL,2026-02-03,268.9484,271.6258,267.3598,269.2281,64394700
AAPL,Apple Inc.,AAPL,2026-02-04,272.0355,278.6892,272.0355,276.2315,90545700
AAPL,Apple Inc.,AAPL,2026-02-05,277.87,279.2387,272.9746,275.6521,52977400
AAPL,Apple Inc.,AAPL,2026-02-06,276.8609,280.6474,276.6711,277.86,50453400
AAPL,Apple Inc.,AAPL,2026-02-09,277.91,278.2,271.7,274.62,44623400
AAPL,Apple Inc.,AAPL,2026-02-10,274.89,275.37,272.94,273.68,34376900
AAPL,Apple Inc.,AAPL,2026-02-11,274.7,280.18,274.45,275.5,51931300
AAPL,Apple Inc.,AAPL,2026-02-12,275.59,275.72,260.18,261.73,81077200
AAPL,Apple Inc.,AAPL,2026-02-13,262.01,262.23,255.45,255.78,56290700
AAPL,Apple Inc.,AAPL,2026-02-17,258.05,266.29,255.54,263.88,58469100
AAPL,Apple Inc.,AAPL,2026-02-18,263.6,266.82,262.45,264.35,34203300
AAPL,Apple Inc.,AAPL,2026-02-19,262.6,264.48,260.05,260.58,30845300
AAPL,Apple Inc.,AAPL,2026-02-20,258.97,264.75,258.16,264.58,42070500
AAPL,Apple Inc.,AAPL,2026-02-23,263.49,269.43,263.38,266.18,37308200
AAPL,Apple Inc.,AAPL,2026-02-24,267.86,274.89,267.71,272.14,47014600
AAPL,Apple Inc.,AAPL,2026-02-25,271.78,274.94,271.05,274.23,33714300
AAPL,Apple Inc.,AAPL,2026-02-26,274.95,276.11,270.8,272.95,32345100
AAPL,Apple Inc.,AAPL,2026-02-27,272.81,272.81,262.89,264.18,72366500
AAPL,Apple Inc.,AAPL,2026-03-02,262.41,266.53,260.2,264.72,41827900
AAPL,Apple Inc.,AAPL,2026-03-03,263.48,265.56,260.13,263.75,38568900
AAPL,Apple Inc.,AAPL,2026-03-04,264.65,266.15,261.42,262.52,39803100
AAPL,Apple Inc.,AAPL,2026-03-05,260.79,261.56,257.25,260.29,49658600
AAPL,Apple Inc.,AAPL,2026-03-06,258.63,258.77,254.37,257.46,41120000
AAPL,Apple Inc.,AAPL,2026-03-09,255.69,261.15,253.68,259.88,38218500
AAPL,Apple Inc.,AAPL,2026-03-10,257.65,262.48,256.95,260.83,30590800
AAPL,Apple Inc.,AAPL,2026-03-11,261.09,262.13,259.55,260.81,26218900
AAPL,Apple Inc.,AAPL,2026-03-12,258.66,258.95,254.18,255.76,40794000
AAPL,Apple Inc.,AAPL,2026-03-13,255.48,256.33,249.52,250.12,36930000
AAPL,Apple Inc.,AAPL,2026-03-16,252.11,253.89,249.88,252.82,32074200
AAPL,Apple Inc.,AAPL,2026-03-17,252.96,255.13,252.18,254.23,32361600
AAPL,Apple Inc.,AAPL,2026-03-18,252.63,254.94,249.0,249.94,35757900
AAPL,Apple Inc.,AAPL,2026-03-19,249.4,251.83,247.3,248.96,34864100
AAPL,Apple Inc.,AAPL,2026-03-20,247.98,249.2,246.0,247.99,88331100
AAPL,Apple Inc.,AAPL,2026-03-23,253.97,254.6,250.28,251.49,40546100
AAPL,Apple Inc.,AAPL,2026-03-24,250.35,254.83,249.55,251.64,45152300
AAPL,Apple Inc.,AAPL,2026-03-25,254.1,255.0,251.6,252.62,28476700
AAPL,Apple Inc.,AAPL,2026-03-26,252.12,257.0,250.77,252.89,41796700
AAPL,Apple Inc.,AAPL,2026-03-27,253.9,255.49,248.07,248.8,47900000
AAPL,Apple Inc.,AAPL,2026-03-30,250.07,250.87,245.51,246.63,39446200
AAPL,Apple Inc.,AAPL,2026-03-31,247.91,255.48,247.1,253.79,49598100
AAPL,Apple Inc.,AAPL,2026-04-01,254.08,256.18,253.33,255.63,40059400
AAPL,Apple Inc.,AAPL,2026-04-02,254.2,256.13,250.65,255.92,31289400
AAPL,Apple Inc.,AAPL,2026-04-06,256.51,262.16,256.46,258.86,29329900
AAPL,Apple Inc.,AAPL,2026-04-07,256.16,256.2,245.7,253.5,62148000
AAPL,Apple Inc.,AAPL,2026-04-08,258.45,259.75,256.53,258.9,41032800
AAPL,Apple Inc.,AAPL,2026-04-09,259.0,261.12,256.07,260.49,28121600
AAPL,Apple Inc.,AAPL,2026-04-10,259.98,262.19,259.02,260.48,31291500
AAPL,Apple Inc.,AAPL,2026-04-13,259.73,260.18,256.66,259.2,36234700
AAPL,Apple Inc.,AAPL,2026-04-14,259.25,261.93,257.19,258.83,48370700
AAPL,Apple Inc.,AAPL,2026-04-15,258.16,266.56,257.81,266.43,49913500
AAPL,Apple Inc.,AAPL,2026-04-16,266.8,267.16,261.27,263.4,43323100
AAPL,Apple Inc.,AAPL,2026-04-17,266.96,272.3,266.72,270.23,61436200
AAPL,Apple Inc.,AAPL,2026-04-20,270.33,274.28,270.29,273.05,36590200
AAPL,Apple Inc.,AAPL,2026-04-21,271.5,272.8,265.4,266.17,50209800
AAPL,Apple Inc.,AAPL,2026-04-22,267.82,273.74,266.87,273.17,43249200
AAPL,Apple Inc.,AAPL,2026-04-23,275.05,275.77,271.65,273.43,33399600
AAPL,Apple Inc.,AAPL,2026-04-24,272.76,273.06,269.65,271.06,38157100
AAPL,Apple Inc.,AAPL,2026-04-27,266.09,268.36,265.07,267.61,41407600
AAPL,Apple Inc.,AAPL,2026-04-28,272.335,273.22,268.66,269.95,19109260
GOLD,Gold Futures (GC=F),GC=F,2025-04-28,3284.5,3332.5,3284.5,3332.5,1300
GOLD,Gold Futures (GC=F),GC=F,2025-04-29,3340.0,3340.0,3299.8999,3318.8,1278
GOLD,Gold Futures (GC=F),GC=F,2025-04-30,3318.7,3318.7,3268.0,3305.0,207
GOLD,Gold Futures (GC=F),GC=F,2025-05-01,3272.8999,3275.0,3198.6001,3210.0,2131
GOLD,Gold Futures (GC=F),GC=F,2025-05-02,3239.8999,3257.0,3225.0,3231.8999,1349
GOLD,Gold Futures (GC=F),GC=F,2025-05-05,3242.7,3315.7,3239.7,3311.3,244
GOLD,Gold Futures (GC=F),GC=F,2025-05-06,3365.5,3430.8999,3356.8,3411.3999,2357
GOLD,Gold Futures (GC=F),GC=F,2025-05-07,3418.7,3418.7,3364.7,3381.3999,1080
GOLD,Gold Futures (GC=F),GC=F,2025-05-08,3390.0,3390.0,3288.7,3296.6001,200
GOLD,Gold Futures (GC=F),GC=F,2025-05-09,3299.0,3335.5,3299.0,3335.3999,216
GOLD,Gold Futures (GC=F),GC=F,2025-05-12,3300.7,3300.7,3205.0,3220.0,886
GOLD,Gold Futures (GC=F),GC=F,2025-05-13,3232.0,3251.3999,3223.5,3240.3,2424
GOLD,Gold Futures (GC=F),GC=F,2025-05-14,3233.0,3233.0,3171.7,3181.3999,3518
GOLD,Gold Futures (GC=F),GC=F,2025-05-15,3151.0,3228.1001,3125.0,3220.7,652
GOLD,Gold Futures (GC=F),GC=F,2025-05-16,3227.7,3228.1001,3173.8999,3182.0,199
GOLD,Gold Futures (GC=F),GC=F,2025-05-19,3234.3999,3241.0,3228.3,3228.8999,266
GOLD,Gold Futures (GC=F),GC=F,2025-05-20,3219.0,3293.2,3207.5,3280.3,356
GOLD,Gold Futures (GC=F),GC=F,2025-05-21,3293.3999,3317.5,3290.2,3309.3,979
GOLD,Gold Futures (GC=F),GC=F,2025-05-22,3327.3,3328.0,3282.7,3292.3,1210
GOLD,Gold Futures (GC=F),GC=F,2025-05-23,3328.0,3363.6001,3323.5,3363.6001,47
GOLD,Gold Futures (GC=F),GC=F,2025-05-27,3332.5,3341.0,3296.3,3299.1001,189
GOLD,Gold Futures (GC=F),GC=F,2025-05-28,3293.6001,3293.6001,3293.6001,3293.6001,127758
GOLD,Gold Futures (GC=F),GC=F,2025-05-29,3283.7,3328.8,3242.3999,3317.1001,24370
GOLD,Gold Futures (GC=F),GC=F,2025-05-30,3315.1001,3318.0,3270.8999,3288.8999,2213
GOLD,Gold Futures (GC=F),GC=F,2025-06-02,3296.8999,3380.8,3296.8999,3370.6001,976
GOLD,Gold Futures (GC=F),GC=F,2025-06-03,3385.1001,3390.0,3331.3,3350.2,6410
GOLD,Gold Futures (GC=F),GC=F,2025-06-04,3355.0,3380.0,3344.0,3373.5,207
GOLD,Gold Futures (GC=F),GC=F,2025-06-05,3371.5,3400.0,3343.7,3350.7,731
GOLD,Gold Futures (GC=F),GC=F,2025-06-06,3364.3,3364.3,3306.0,3322.7,81
GOLD,Gold Futures (GC=F),GC=F,2025-06-09,3315.6001,3334.6001,3290.0,3332.1001,1887
GOLD,Gold Futures (GC=F),GC=F,2025-06-10,3302.0,3344.3,3302.0,3320.8999,65
GOLD,Gold Futures (GC=F),GC=F,2025-06-11,3328.0,3356.0,3321.3,3321.3,2106
GOLD,Gold Futures (GC=F),GC=F,2025-06-12,3363.0,3395.8999,3353.3999,3380.8999,1818
GOLD,Gold Futures (GC=F),GC=F,2025-06-13,3407.3,3444.0,3407.3,3431.2,499
GOLD,Gold Futures (GC=F),GC=F,2025-06-16,3442.0,3442.0,3385.3999,3396.3999,480
GOLD,Gold Futures (GC=F),GC=F,2025-06-17,3398.3,3398.3,3376.1001,3386.6001,1477
GOLD,Gold Futures (GC=F),GC=F,2025-06-18,3385.3,3391.8999,3365.1001,3389.8,0
GOLD,Gold Futures (GC=F),GC=F,2025-06-20,3350.0,3372.8999,3341.0,3368.1001,709
GOLD,Gold Futures (GC=F),GC=F,2025-06-23,3365.8999,3387.8999,3350.0,3377.7,30
GOLD,Gold Futures (GC=F),GC=F,2025-06-24,3358.0,3358.0,3301.0,3317.3999,538
GOLD,Gold Futures (GC=F),GC=F,2025-06-25,3321.6001,3331.2,3310.6001,3327.1001,373
GOLD,Gold Futures (GC=F),GC=F,2025-06-26,3332.3999,3333.5,3332.3999,3333.5,2058
GOLD,Gold Futures (GC=F),GC=F,2025-06-27,3318.7,3318.7,3253.8,3273.7,284
GOLD,Gold Futures (GC=F),GC=F,2025-06-30,3265.8999,3306.8999,3262.0,3294.3999,1242
GOLD,Gold Futures (GC=F),GC=F,2025-07-01,3310.1001,3354.1001,3310.1001,3336.7,371
GOLD,Gold Futures (GC=F),GC=F,2025-07-02,3329.0,3357.5,3329.0,3348.0,39
GOLD,Gold Futures (GC=F),GC=F,2025-07-03,3362.0,3362.0,3322.3,3331.6001,0
GOLD,Gold Futures (GC=F),GC=F,2025-07-04,3342.0,3342.0,3332.5,3332.5,0
GOLD,Gold Futures (GC=F),GC=F,2025-07-07,3305.5,3333.3,3299.2,3332.2,254
GOLD,Gold Futures (GC=F),GC=F,2025-07-08,3330.3999,3334.5,3287.6001,3307.0,909
GOLD,Gold Futures (GC=F),GC=F,2025-07-09,3289.3999,3314.0,3282.0,3311.6001,114
GOLD,Gold Futures (GC=F),GC=F,2025-07-10,3323.6001,3330.5,3311.6001,3317.3999,209
GOLD,Gold Futures (GC=F),GC=F,2025-07-11,3330.5,3370.0,3330.5,3356.0,776
GOLD,Gold Futures (GC=F),GC=F,2025-07-14,3367.0,3375.5,3350.0,3351.5,583
GOLD,Gold Futures (GC=F),GC=F,2025-07-15,3341.0,3341.0,3329.8,3329.8,210
GOLD,Gold Futures (GC=F),GC=F,2025-07-16,3341.2,3352.8999,3329.5,3352.5,10
GOLD,Gold Futures (GC=F),GC=F,2025-07-17,3313.8,3340.8,3313.8,3340.1001,667
GOLD,Gold Futures (GC=F),GC=F,2025-07-18,3338.2,3353.0,3338.2,3353.0,602
GOLD,Gold Futures (GC=F),GC=F,2025-07-21,3350.3,3411.7,3350.3,3401.8999,53
GOLD,Gold Futures (GC=F),GC=F,2025-07-22,3411.0,3441.0,3395.6001,3439.2,39
GOLD,Gold Futures (GC=F),GC=F,2025-07-23,3430.3,3433.8999,3388.1001,3394.1001,63
GOLD,Gold Futures (GC=F),GC=F,2025-07-24,3367.0,3371.0,3367.0,3371.0,1175
GOLD,Gold Futures (GC=F),GC=F,2025-07-25,3344.0,3345.0,3326.5,3334.0,67
GOLD,Gold Futures (GC=F),GC=F,2025-07-28,3326.6001,3326.8,3309.1001,3309.1001,533
GOLD,Gold Futures (GC=F),GC=F,2025-07-29,3323.3999,3323.3999,3323.3999,3323.3999,113144
GOLD,Gold Futures (GC=F),GC=F,2025-07-30,3325.8,3331.8,3263.8999,3295.8,19252
GOLD,Gold Futures (GC=F),GC=F,2025-07-31,3272.8999,3312.0,3272.8999,3293.2,3704
GOLD,Gold Futures (GC=F),GC=F,2025-08-01,3286.2,3360.6001,3281.0,3347.7,3420
GOLD,Gold Futures (GC=F),GC=F,2025-08-04,3367.6001,3386.5,3347.3999,3374.3999,351
GOLD,Gold Futures (GC=F),GC=F,2025-08-05,3378.5,3387.2,3351.2,3381.8999,915
GOLD,Gold Futures (GC=F),GC=F,2025-08-06,3380.7,3383.3,3361.3,3380.0,1492
GOLD,Gold Futures (GC=F),GC=F,2025-08-07,3384.8999,3422.8999,3384.8999,3400.3,5464
GOLD,Gold Futures (GC=F),GC=F,2025-08-08,3438.8,3477.0,3402.5,3439.1001,7657
GOLD,Gold Futures (GC=F),GC=F,2025-08-11,3383.8999,3383.8999,3349.2,3353.1001,1488
GOLD,Gold Futures (GC=F),GC=F,2025-08-12,3356.2,3356.2,3330.1001,3348.8999,1611
GOLD,Gold Futures (GC=F),GC=F,2025-08-13,3358.8,3363.3999,3358.7,3358.7,1011
GOLD,Gold Futures (GC=F),GC=F,2025-08-14,3346.8,3356.0,3328.8999,3335.2,592
GOLD,Gold Futures (GC=F),GC=F,2025-08-15,3346.8,3346.8,3335.8999,3336.0,1185
GOLD,Gold Futures (GC=F),GC=F,2025-08-18,3333.5,3347.8,3331.7,3331.7,646
GOLD,Gold Futures (GC=F),GC=F,2025-08-19,3330.2,3343.5,3313.3999,3313.3999,1655
GOLD,Gold Futures (GC=F),GC=F,2025-08-20,3310.6001,3343.5,3310.1001,3343.3999,1213
GOLD,Gold Futures (GC=F),GC=F,2025-08-21,3349.3999,3349.3999,3326.5,3336.8999,142
GOLD,Gold Futures (GC=F),GC=F,2025-08-22,3349.3999,3377.7,3349.3999,3374.3999,1240
GOLD,Gold Futures (GC=F),GC=F,2025-08-25,3366.0,3378.0,3366.0,3373.8,1044
GOLD,Gold Futures (GC=F),GC=F,2025-08-26,3378.8999,3396.5,3371.1001,3388.6001,905
GOLD,Gold Futures (GC=F),GC=F,2025-08-27,3397.0,3404.6001,3382.0,3404.6001,3222
GOLD,Gold Futures (GC=F),GC=F,2025-08-28,3409.0,3434.6001,3400.0,3431.8,1035
GOLD,Gold Futures (GC=F),GC=F,2025-08-29,3432.5,3475.6001,3426.6001,3473.7,0
GOLD,Gold Futures (GC=F),GC=F,2025-09-02,3485.7,3559.2,3485.7,3549.3999,658
GOLD,Gold Futures (GC=F),GC=F,2025-09-03,3554.8,3593.7,3553.2,3593.2,72
GOLD,Gold Futures (GC=F),GC=F,2025-09-04,3549.8999,3573.6001,3549.8999,3565.8,237
GOLD,Gold Futures (GC=F),GC=F,2025-09-05,3567.8,3613.2,3567.8,3613.2,925
GOLD,Gold Futures (GC=F),GC=F,2025-09-08,3594.5,3641.0,3590.0,3638.1001,97
GOLD,Gold Futures (GC=F),GC=F,2025-09-09,3647.1001,3670.3999,3627.8,3643.3,535
GOLD,Gold Futures (GC=F),GC=F,2025-09-10,3625.0,3655.3999,3620.8,3643.6001,136
GOLD,Gold Futures (GC=F),GC=F,2025-09-11,3632.8999,3636.8999,3618.3999,3636.8999,307
GOLD,Gold Futures (GC=F),GC=F,2025-09-12,3655.5,3656.8,3643.0,3649.3999,1300
GOLD,Gold Futures (GC=F),GC=F,2025-09-15,3640.0,3686.3999,3635.1001,3682.2,210
GOLD,Gold Futures (GC=F),GC=F,2025-09-16,3681.3999,3698.6001,3681.3999,3688.8999,373
GOLD,Gold Futures (GC=F),GC=F,2025-09-17,3669.0,3685.2,3661.6001,3681.8,183
GOLD,Gold Futures (GC=F),GC=F,2025-09-18,3654.6001,3667.3999,3637.0,3643.7,80
GOLD,Gold Futures (GC=F),GC=F,2025-09-19,3659.0,3685.8999,3658.2,3671.5,211
GOLD,Gold Futures (GC=F),GC=F,2025-09-22,3688.2,3748.2,3688.0,3740.7,410
GOLD,Gold Futures (GC=F),GC=F,2025-09-23,3747.0,3786.0,3740.0,3780.6001,627
GOLD,Gold Futures (GC=F),GC=F,2025-09-24,3769.8,3772.5,3732.1001,3732.1001,588
GOLD,Gold Futures (GC=F),GC=F,2025-09-25,3742.8,3756.0,3724.7,3736.8999,1899
GOLD,Gold Futures (GC=F),GC=F,2025-09-26,3775.3,3775.3,3775.3,3775.3,19308
GOLD,Gold Futures (GC=F),GC=F,2025-09-29,3754.8,3827.6001,3754.8,3820.8999,8860
GOLD,Gold Futures (GC=F),GC=F,2025-09-30,3827.5,3865.5,3793.3999,3840.8,1611
GOLD,Gold Futures (GC=F),GC=F,2025-10-01,3863.5,3891.8999,3853.3,3867.5,1778
GOLD,Gold Futures (GC=F),GC=F,2025-10-02,3856.2,3888.6001,3823.7,3839.7,3418
GOLD,Gold Futures (GC=F),GC=F,2025-10-03,3855.2,3886.8,3853.7,3880.8,392
GOLD,Gold Futures (GC=F),GC=F,2025-10-06,3931.3,3960.0,3926.8,3948.5,1267
GOLD,Gold Futures (GC=F),GC=F,2025-10-07,3959.3999,3981.5,3940.0,3976.6001,2903
GOLD,Gold Futures (GC=F),GC=F,2025-10-08,3987.2,4049.2,3987.2,4043.3,2179
GOLD,Gold Futures (GC=F),GC=F,2025-10-09,4011.2,4046.2,3940.0,3946.3,3130
GOLD,Gold Futures (GC=F),GC=F,2025-10-10,3957.0,4012.0,3945.5,3975.8999,1697
GOLD,Gold Futures (GC=F),GC=F,2025-10-13,4016.0,4111.0,4016.0,4108.6001,1697
GOLD,Gold Futures (GC=F),GC=F,2025-10-14,4131.7002,4160.1001,4085.8,4138.7002,2424
GOLD,Gold Futures (GC=F),GC=F,2025-10-15,4145.0,4210.6001,4145.0,4176.8999,3287
GOLD,Gold Futures (GC=F),GC=F,2025-10-16,4198.7998,4307.0,4196.6001,4280.2002,4705
GOLD,Gold Futures (GC=F),GC=F,2025-10-17,4354.7002,4358.0,4182.2002,4189.8999,4060
GOLD,Gold Futures (GC=F),GC=F,2025-10-20,4244.1001,4356.6001,4214.6001,4336.3999,1750
GOLD,Gold Futures (GC=F),GC=F,2025-10-21,4332.7002,4332.7002,4087.7,4087.7,2943
GOLD,Gold Futures (GC=F),GC=F,2025-10-22,4109.7002,4148.5,4006.0,4044.3999,1237
GOLD,Gold Futures (GC=F),GC=F,2025-10-23,4078.3999,4136.7998,4070.7,4125.5,354
GOLD,Gold Futures (GC=F),GC=F,2025-10-24,4117.5,4120.6001,4074.8999,4118.3999,123
GOLD,Gold Futures (GC=F),GC=F,2025-10-27,4060.0,4078.6001,3971.3,4001.8999,220
GOLD,Gold Futures (GC=F),GC=F,2025-10-28,3929.7,3966.2,3923.6001,3966.2,219
GOLD,Gold Futures (GC=F),GC=F,2025-10-29,3983.7,3983.7,3983.7,3983.7,1344
GOLD,Gold Futures (GC=F),GC=F,2025-10-30,3960.0,4027.2,3913.7,4001.3,935
GOLD,Gold Futures (GC=F),GC=F,2025-10-31,4034.5,4034.5,3976.6001,3982.2,559
GOLD,Gold Futures (GC=F),GC=F,2025-11-03,3976.2,4020.0,3959.0,4000.3,0
GOLD,Gold Futures (GC=F),GC=F,2025-11-04,3994.2,3995.3999,3927.3999,3947.7,657
GOLD,Gold Futures (GC=F),GC=F,2025-11-05,3929.8999,3983.5,3929.8999,3980.3,559
GOLD,Gold Futures (GC=F),GC=F,2025-11-06,4004.0,4007.5,3979.8999,3979.8999,650
GOLD,Gold Futures (GC=F),GC=F,2025-11-07,3980.8,3999.3999,3980.8,3999.3999,245
GOLD,Gold Futures (GC=F),GC=F,2025-11-10,4060.0,4111.7998,4060.0,4111.7998,189
GOLD,Gold Futures (GC=F),GC=F,2025-11-11,4140.1001,4140.1001,4106.7998,4106.7998,569
GOLD,Gold Futures (GC=F),GC=F,2025-11-12,4115.6001,4204.3999,4102.8999,4204.3999,396
GOLD,Gold Futures (GC=F),GC=F,2025-11-13,4228.7002,4228.7002,4163.7002,4186.8999,167
GOLD,Gold Futures (GC=F),GC=F,2025-11-14,4197.7002,4197.8999,4047.0,4087.6001,483
GOLD,Gold Futures (GC=F),GC=F,2025-11-17,4070.0,4099.5,4019.3999,4068.3,1552
GOLD,Gold Futures (GC=F),GC=F,2025-11-18,4037.3999,4063.3999,4035.6001,4061.3,1375
GOLD,Gold Futures (GC=F),GC=F,2025-11-19,4086.1001,4122.7002,4072.0,4077.7,486
GOLD,Gold Futures (GC=F),GC=F,2025-11-20,4045.0,4090.3999,4040.2,4056.5,202
GOLD,Gold Futures (GC=F),GC=F,2025-11-21,4031.8,4085.2,4031.8,4076.7,171
GOLD,Gold Futures (GC=F),GC=F,2025-11-24,4060.5,4091.8999,4060.5,4091.8999,591
GOLD,Gold Futures (GC=F),GC=F,2025-11-25,4139.2002,4139.2002,4139.2002,4139.2002,132704
GOLD,Gold Futures (GC=F),GC=F,2025-11-26,4128.6001,4171.0,4127.5,4165.2002,25088
GOLD,Gold Futures (GC=F),GC=F,2025-11-28,4163.3999,4223.8999,4140.0,4218.2998,3615
GOLD,Gold Futures (GC=F),GC=F,2025-12-01,4218.5,4262.1001,4214.8999,4239.2998,913
GOLD,Gold Futures (GC=F),GC=F,2025-12-02,4230.5,4230.5,4167.0,4186.6001,366
GOLD,Gold Futures (GC=F),GC=F,2025-12-03,4215.7002,4234.1001,4195.7002,4199.2998,1897
GOLD,Gold Futures (GC=F),GC=F,2025-12-04,4211.0,4211.7998,4175.0,4211.7998,616
GOLD,Gold Futures (GC=F),GC=F,2025-12-05,4204.1001,4255.7002,4194.5,4212.8999,533
GOLD,Gold Futures (GC=F),GC=F,2025-12-08,4205.5,4215.7998,4175.5,4187.2002,318
GOLD,Gold Futures (GC=F),GC=F,2025-12-09,4190.7002,4219.7002,4177.7002,4206.7002,660
GOLD,Gold Futures (GC=F),GC=F,2025-12-10,4209.0,4234.5,4183.6001,4196.3999,692
GOLD,Gold Futures (GC=F),GC=F,2025-12-11,4224.0,4286.8999,4214.2998,4285.5,528
GOLD,Gold Futures (GC=F),GC=F,2025-12-12,4276.3999,4355.0,4260.0,4300.1001,1531
GOLD,Gold Futures (GC=F),GC=F,2025-12-15,4308.2998,4349.2002,4292.8999,4306.7002,854
GOLD,Gold Futures (GC=F),GC=F,2025-12-16,4270.5,4321.3999,4270.5,4304.5,1796
GOLD,Gold Futures (GC=F),GC=F,2025-12-17,4308.5,4351.3999,4308.5,4347.5,2169
GOLD,Gold Futures (GC=F),GC=F,2025-12-18,4331.0,4348.1001,4328.2002,4339.5,705
GOLD,Gold Futures (GC=F),GC=F,2025-12-19,4350.1001,4361.3999,4350.1001,4361.3999,1065
GOLD,Gold Futures (GC=F),GC=F,2025-12-22,4371.1001,4447.6001,4371.1001,4444.6001,449
GOLD,Gold Futures (GC=F),GC=F,2025-12-23,4503.2998,4503.7998,4450.3999,4482.7998,694
GOLD,Gold Futures (GC=F),GC=F,2025-12-24,4500.7002,4503.3999,4468.3999,4480.6001,500
GOLD,Gold Futures (GC=F),GC=F,2025-12-26,4512.0,4556.2998,4502.0,4529.1001,263
GOLD,Gold Futures (GC=F),GC=F,2025-12-29,4371.5,4379.0,4325.1001,4325.1001,2044
GOLD,Gold Futures (GC=F),GC=F,2025-12-30,4346.3999,4403.6001,4338.0,4370.1001,1837
GOLD,Gold Futures (GC=F),GC=F,2025-12-31,4333.5,4363.7998,4285.0,4325.6001,785
GOLD,Gold Futures (GC=F),GC=F,2026-01-02,4350.6001,4350.6001,4314.3999,4314.3999,589
GOLD,Gold Futures (GC=F),GC=F,2026-01-05,4386.7002,4443.5,4384.7998,4436.8999,618
GOLD,Gold Futures (GC=F),GC=F,2026-01-06,4449.7002,4482.2002,4449.0,4482.2002,459
GOLD,Gold Futures (GC=F),GC=F,2026-01-07,4450.0,4450.0,4449.2998,4449.2998,972
GOLD,Gold Futures (GC=F),GC=F,2026-01-08,4460.2002,4461.2998,4418.0,4449.7002,2423
GOLD,Gold Futures (GC=F),GC=F,2026-01-09,4473.0,4490.2998,4473.0,4490.2998,237
GOLD,Gold Futures (GC=F),GC=F,2026-01-12,4579.1001,4620.0,4577.7998,4604.2998,156
GOLD,Gold Futures (GC=F),GC=F,2026-01-13,4578.6001,4617.1001,4578.6001,4589.2002,239
GOLD,Gold Futures (GC=F),GC=F,2026-01-14,4610.2998,4635.0,4608.2002,4626.2998,1313
GOLD,Gold Futures (GC=F),GC=F,2026-01-15,4612.8999,4616.2998,4612.8999,4616.2998,4358
GOLD,Gold Futures (GC=F),GC=F,2026-01-16,4608.0,4608.0,4588.3999,4588.3999,352
GOLD,Gold Futures (GC=F),GC=F,2026-01-20,4662.2002,4764.0,4661.7998,4759.6001,175
GOLD,Gold Futures (GC=F),GC=F,2026-01-21,4863.5,4872.2998,4771.5,4831.7998,1706
GOLD,Gold Futures (GC=F),GC=F,2026-01-22,4791.8999,4908.7998,4791.8999,4908.7998,1175
GOLD,Gold Futures (GC=F),GC=F,2026-01-23,4949.6001,4976.2002,4936.0,4976.2002,169
GOLD,Gold Futures (GC=F),GC=F,2026-01-26,5081.5,5095.6001,5052.2002,5079.7002,180
GOLD,Gold Futures (GC=F),GC=F,2026-01-27,5079.8999,5079.8999,5079.8999,5079.8999,34
GOLD,Gold Futures (GC=F),GC=F,2026-01-28,5301.6001,5301.6001,5301.6001,5301.6001,112054
GOLD,Gold Futures (GC=F),GC=F,2026-01-29,5415.7002,5586.2002,5097.5,5318.3999,23709
GOLD,Gold Futures (GC=F),GC=F,2026-01-30,5376.3999,5440.5,4700.0,4713.8999,8374
GOLD,Gold Futures (GC=F),GC=F,2026-02-02,4807.7002,4855.7998,4400.0,4622.5,3588
GOLD,Gold Futures (GC=F),GC=F,2026-02-03,4680.0,4984.6001,4674.2998,4903.7002,1213
GOLD,Gold Futures (GC=F),GC=F,2026-02-04,4923.2998,5082.2002,4897.8999,4920.3999,3886
GOLD,Gold Futures (GC=F),GC=F,2026-02-05,5008.7002,5012.2998,4786.0,4861.3999,793
GOLD,Gold Futures (GC=F),GC=F,2026-02-06,4762.0,4958.5,4655.0,4951.2002,1386
GOLD,Gold Futures (GC=F),GC=F,2026-02-09,5017.3999,5065.7002,4979.1001,5050.8999,170
GOLD,Gold Futures (GC=F),GC=F,2026-02-10,5013.5,5029.0,5002.7002,5003.7998,281
GOLD,Gold Futures (GC=F),GC=F,2026-02-11,5049.8999,5111.2998,5041.2998,5071.6001,2681
GOLD,Gold Futures (GC=F),GC=F,2026-02-12,5060.3999,5078.1001,4892.0,4923.7002,484
GOLD,Gold Futures (GC=F),GC=F,2026-02-13,4953.0,5043.8999,4946.2002,5022.0,232
GOLD,Gold Futures (GC=F),GC=F,2026-02-17,5020.0,5020.0,4847.7998,4882.8999,540
GOLD,Gold Futures (GC=F),GC=F,2026-02-18,4872.2002,4987.0,4869.5,4986.5,544
GOLD,Gold Futures (GC=F),GC=F,2026-02-19,5014.7002,5014.7002,4975.8999,4975.8999,37
GOLD,Gold Futures (GC=F),GC=F,2026-02-20,5039.5,5072.7002,5039.5,5059.2998,134
GOLD,Gold Futures (GC=F),GC=F,2026-02-23,5120.2998,5211.6001,5120.2998,5204.7002,779
GOLD,Gold Futures (GC=F),GC=F,2026-02-24,5158.7998,5159.0,5112.7002,5155.7998,88
GOLD,Gold Futures (GC=F),GC=F,2026-02-25,5166.0,5206.3999,5166.0,5206.3999,1772
GOLD,Gold Futures (GC=F),GC=F,2026-02-26,5177.2002,5199.2002,5143.8999,5176.5,1520
GOLD,Gold Futures (GC=F),GC=F,2026-02-27,5186.7002,5280.0,5176.7002,5230.5,354
GOLD,Gold Futures (GC=F),GC=F,2026-03-02,5346.6001,5405.0,5266.2998,5294.3999,72
GOLD,Gold Futures (GC=F),GC=F,2026-03-03,5298.7002,5303.7998,5023.0,5107.3999,1776
GOLD,Gold Futures (GC=F),GC=F,2026-03-04,5130.7002,5180.2002,5117.2002,5120.2002,679
GOLD,Gold Futures (GC=F),GC=F,2026-03-05,5169.5,5169.5,5054.7002,5065.2998,1701
GOLD,Gold Futures (GC=F),GC=F,2026-03-06,5121.0,5146.1001,5076.1001,5146.1001,148
GOLD,Gold Futures (GC=F),GC=F,2026-03-09,5155.0,5160.6001,5077.7002,5091.5,639
GOLD,Gold Futures (GC=F),GC=F,2026-03-10,5138.2002,5229.7002,5137.6001,5229.7002,4300
GOLD,Gold Futures (GC=F),GC=F,2026-03-11,5190.7998,5191.2998,5167.3999,5167.3999,633
GOLD,Gold Futures (GC=F),GC=F,2026-03-12,5137.2002,5137.2002,5115.7998,5115.7998,410
GOLD,Gold Futures (GC=F),GC=F,2026-03-13,5089.6001,5117.0,5009.5,5052.5,479
GOLD,Gold Futures (GC=F),GC=F,2026-03-16,5001.6001,5010.6001,4994.0,4994.0,130
GOLD,Gold Futures (GC=F),GC=F,2026-03-17,5017.6001,5017.6001,4994.2002,5001.0,239
GOLD,Gold Futures (GC=F),GC=F,2026-03-18,4949.6001,4949.6001,4821.7002,4889.8999,1461
GOLD,Gold Futures (GC=F),GC=F,2026-03-19,4830.2998,4830.2998,4554.0,4600.7002,627
GOLD,Gold Futures (GC=F),GC=F,2026-03-20,4686.8999,4686.8999,4570.3999,4570.3999,235
GOLD,Gold Futures (GC=F),GC=F,2026-03-23,4353.0,4480.3999,4100.7998,4404.1001,544
GOLD,Gold Futures (GC=F),GC=F,2026-03-24,4338.7002,4399.2998,4325.2002,4399.2998,378
GOLD,Gold Futures (GC=F),GC=F,2026-03-25,4549.0,4551.8999,4541.7998,4549.7998,388
GOLD,Gold Futures (GC=F),GC=F,2026-03-26,4441.5,4443.1001,4375.5,4375.5,1070
GOLD,Gold Futures (GC=F),GC=F,2026-03-27,4492.0,4492.0,4492.0,4492.0,74348
GOLD,Gold Futures (GC=F),GC=F,2026-03-30,4482.7998,4579.1001,4413.3999,4526.0,10816
GOLD,Gold Futures (GC=F),GC=F,2026-03-31,4510.0,4684.1001,4508.6001,4647.6001,4264
GOLD,Gold Futures (GC=F),GC=F,2026-04-01,4668.3999,4789.1001,4668.0,4783.2002,1637
GOLD,Gold Futures (GC=F),GC=F,2026-04-02,4764.8999,4784.3999,4558.8999,4651.5,0
GOLD,Gold Futures (GC=F),GC=F,2026-04-06,4656.1001,4689.6001,4605.0,4656.7998,148
GOLD,Gold Futures (GC=F),GC=F,2026-04-07,4624.8999,4676.2998,4608.0,4657.1001,327
GOLD,Gold Futures (GC=F),GC=F,2026-04-08,4760.0,4851.0,4738.7998,4749.5,405
GOLD,Gold Futures (GC=F),GC=F,2026-04-09,4711.0,4799.1001,4711.0,4792.2002,1277
GOLD,Gold Futures (GC=F),GC=F,2026-04-10,4745.8999,4791.0,4744.8999,4761.8999,812
GOLD,Gold Futures (GC=F),GC=F,2026-04-13,4704.0,4742.3999,4704.0,4742.3999,32
GOLD,Gold Futures (GC=F),GC=F,2026-04-14,4770.1001,4841.6001,4770.1001,4825.0,288
GOLD,Gold Futures (GC=F),GC=F,2026-04-15,4843.6001,4843.6001,4798.0,4800.0,182
GOLD,Gold Futures (GC=F),GC=F,2026-04-16,4810.8999,4810.8999,4785.3999,4785.3999,805
GOLD,Gold Futures (GC=F),GC=F,2026-04-17,4771.6001,4879.7002,4767.2002,4857.6001,1902
GOLD,Gold Futures (GC=F),GC=F,2026-04-20,4793.8999,4811.0,4770.0,4806.6001,724
GOLD,Gold Futures (GC=F),GC=F,2026-04-21,4698.3999,4705.0,4676.3999,4698.3999,1197
GOLD,Gold Futures (GC=F),GC=F,2026-04-22,4754.2002,4754.2002,4732.5,4732.5,765
GOLD,Gold Futures (GC=F),GC=F,2026-04-23,4711.5,4732.3999,4705.1001,4705.1001,292
GOLD,Gold Futures (GC=F),GC=F,2026-04-24,4695.0,4722.2998,4657.5,4722.2998,45
GOLD,Gold Futures (GC=F),GC=F,2026-04-27,4707.6001,4711.1001,4675.3999,4675.3999,45
GOLD,Gold Futures (GC=F),GC=F,2026-04-28,4697.5,4716.5,4567.6001,4606.2998,127691
NVDA,NVIDIA Corporation,NVDA,2025-04-28,109.6642,110.344,105.995,108.7044,207708500
NVDA,NVIDIA Corporation,NVDA,2025-04-29,107.6446,110.174,107.4147,108.9943,170444300
NVDA,NVIDIA Corporation,NVDA,2025-04-30,104.4454,108.8943,104.0555,108.8943,235044600
NVDA,NVIDIA Corporation,NVDA,2025-05-01,113.0534,114.9129,111.2738,111.5837,236121500
NVDA,NVIDIA Corporation,NVDA,2025-05-02,114.1531,115.3728,113.3433,114.473,190194800
NVDA,NVIDIA Corporation,NVDA,2025-05-05,112.8834,114.643,112.6335,113.7932,133163200
NVDA,NVIDIA Corporation,NVDA,2025-05-06,111.4537,114.713,110.7939,113.5133,158525600
NVDA,NVIDIA Corporation,NVDA,2025-05-07,113.0234,117.6523,112.2536,117.0324,206758800
NVDA,NVIDIA Corporation,NVDA,2025-05-08,118.2222,118.6521,115.8227,117.3424,198428100
NVDA,NVIDIA Corporation,NVDA,2025-05-09,117.3224,118.2022,115.1829,116.6225,132972200
NVDA,NVIDIA Corporation,NVDA,2025-05-12,121.9413,122.971,120.2517,122.971,225023300
NVDA,NVIDIA Corporation,NVDA,2025-05-13,124.9506,131.1891,124.4407,129.8994,330430100
NVDA,NVIDIA Corporation,NVDA,2025-05-14,133.1686,135.4081,131.649,135.3081,281180800
NVDA,NVIDIA Corporation,NVDA,2025-05-15,134.2584,136.2679,132.6287,134.7982,226632600
NVDA,NVIDIA Corporation,NVDA,2025-05-16,136.1879,136.3179,133.4286,135.3681,226542500
NVDA,NVIDIA Corporation,NVDA,2025-05-19,132.3588,135.838,132.3588,135.5381,193154600
NVDA,NVIDIA Corporation,NVDA,2025-05-20,134.2584,134.5483,132.5887,134.3483,161514200
NVDA,NVIDIA Corporation,NVDA,2025-05-21,133.0286,137.3676,130.5592,131.769,270608700
NVDA,NVIDIA Corporation,NVDA,2025-05-22,132.1988,134.2184,131.519,132.7987,187344000
NVDA,NVIDIA Corporation,NVDA,2025-05-23,129.9694,132.6487,129.1296,131.2591,198821300
NVDA,NVIDIA Corporation,NVDA,2025-05-27,134.1184,135.628,133.2786,135.4681,192953600
NVDA,NVIDIA Corporation,NVDA,2025-05-28,135.998,137.2177,134.7582,134.7782,304021100
NVDA,NVIDIA Corporation,NVDA,2025-05-29,142.2165,143.4562,137.8775,139.1572,369241900
NVDA,NVIDIA Corporation,NVDA,2025-05-30,138.6873,139.5871,132.8887,135.0982,333170900
NVDA,NVIDIA Corporation,NVDA,2025-06-02,135.4581,138.0875,135.3681,137.3476,197663100
NVDA,NVIDIA Corporation,NVDA,2025-06-03,138.7473,141.9665,137.9175,141.1867,225578800
NVDA,NVIDIA Corporation,NVDA,2025-06-04,142.1565,142.3565,139.5071,141.8866,167120800
NVDA,NVIDIA Corporation,NVDA,2025-06-05,142.1365,143.9661,138.7973,139.957,231397900
NVDA,NVIDIA Corporation,NVDA,2025-06-06,142.4764,143.2362,141.4766,141.6866,153986200
NVDA,NVIDIA Corporation,NVDA,2025-06-09,143.1563,144.9658,141.9066,142.5964,185114500
NVDA,NVIDIA Corporation,NVDA,2025-06-10,142.6564,144.256,141.4967,143.9261,155881900
NVDA,NVIDIA Corporation,NVDA,2025-06-11,144.586,144.9659,141.8464,142.8063,167694000
NVDA,NVIDIA Corporation,NVDA,2025-06-12,141.9464,144.9759,141.8264,144.9759,162365000
NVDA,NVIDIA Corporation,NVDA,2025-06-13,142.4563,143.5561,140.8266,141.9464,180820600
NVDA,NVIDIA Corporation,NVDA,2025-06-16,143.3262,146.1557,143.1762,144.666,183133700
NVDA,NVIDIA Corporation,NVDA,2025-06-17,144.466,145.1959,143.7561,144.096,139108000
NVDA,NVIDIA Corporation,NVDA,2025-06-18,143.9861,145.6258,143.0962,145.4558,161494100
NVDA,NVIDIA Corporation,NVDA,2025-06-20,145.4258,146.1757,142.6263,143.8261,242956200
NVDA,NVIDIA Corporation,NVDA,2025-06-23,142.4763,144.7559,142.0064,144.146,154308900
NVDA,NVIDIA Corporation,NVDA,2025-06-24,145.5358,147.9354,145.4758,147.8754,187566100
NVDA,NVIDIA Corporation,NVDA,2025-06-25,149.2452,154.4243,149.2352,154.2844,269146500
NVDA,NVIDIA Corporation,NVDA,2025-06-26,155.9541,156.6939,153.9744,154.9942,198145700
NVDA,NVIDIA Corporation,NVDA,2025-06-27,156.0141,158.6836,155.2342,157.7238,263234500
NVDA,NVIDIA Corporation,NVDA,2025-06-30,158.3737,158.6336,155.9341,157.9638,194580300
NVDA,NVIDIA Corporation,NVDA,2025-07-01,156.264,157.1739,151.4648,153.2745,213143600
NVDA,NVIDIA Corporation,NVDA,2025-07-02,152.9546,157.5738,152.9446,157.2239,171224100
NVDA,NVIDIA Corporation,NVDA,2025-07-03,158.3437,160.9532,157.7438,159.3135,143716100
NVDA,NVIDIA Corporation,NVDA,2025-07-07,158.1737,159.2835,157.3139,158.2137,140139000
NVDA,NVIDIA Corporation,NVDA,2025-07-08,159.3035,160.1934,158.3637,159.9734,138133000
NVDA,NVIDIA Corporation,NVDA,2025-07-09,161.1932,164.3927,161.1332,162.8529,183656400
NVDA,NVIDIA Corporation,NVDA,2025-07-10,164.2927,164.4727,161.5831,164.0727,167704100
NVDA,NVIDIA Corporation,NVDA,2025-07-11,163.6928,167.8621,163.4428,164.8926,193633300
NVDA,NVIDIA Corporation,NVDA,2025-07-14,165.3425,165.4625,161.9931,164.0427,136975800
NVDA,NVIDIA Corporation,NVDA,2025-07-15,171.1616,172.3713,169.1719,170.6716,230627400
NVDA,NVIDIA Corporation,NVDA,2025-07-16,171.0316,171.7215,168.8719,171.3415,158831500
NVDA,NVIDIA Corporation,NVDA,2025-07-17,171.9914,174.1311,170.8016,172.9713,160841100
NVDA,NVIDIA Corporation,NVDA,2025-07-18,173.6112,174.2211,171.2315,172.3814,146456400
NVDA,NVIDIA Corporation,NVDA,2025-07-21,172.7213,173.3512,170.9716,171.3515,123126100
NVDA,NVIDIA Corporation,NVDA,2025-07-22,171.3115,171.3615,164.5527,167.0023,193114300
NVDA,NVIDIA Corporation,NVDA,2025-07-23,169.5018,171.2315,167.9421,170.7516,154082200
NVDA,NVIDIA Corporation,NVDA,2025-07-24,172.4113,173.8011,171.2715,173.7111,128984600
NVDA,NVIDIA Corporation,NVDA,2025-07-25,173.5812,174.691,172.9313,173.4712,122316800
NVDA,NVIDIA Corporation,NVDA,2025-07-28,173.9911,176.9706,173.9411,176.7206,140023500
NVDA,NVIDIA Corporation,NVDA,2025-07-29,177.9304,179.3502,174.9909,175.4808,154077500
NVDA,NVIDIA Corporation,NVDA,2025-07-30,176.4807,179.8601,176.0107,179.2402,174312200
NVDA,NVIDIA Corporation,NVDA,2025-07-31,182.8696,183.2695,175.9008,177.8404,221685400
NVDA,NVIDIA Corporation,NVDA,2025-08-01,174.0611,176.5107,170.8616,173.6911,204529000
NVDA,NVIDIA Corporation,NVDA,2025-08-04,175.1309,180.1701,174.491,179.9701,148174600
NVDA,NVIDIA Corporation,NVDA,2025-08-05,179.5902,180.23,175.8708,178.2304,156407600
NVDA,NVIDIA Corporation,NVDA,2025-08-06,176.3007,179.8701,176.2207,179.3902,137192300
NVDA,NVIDIA Corporation,NVDA,2025-08-07,181.5398,183.8494,178.7703,180.74,151878400
NVDA,NVIDIA Corporation,NVDA,2025-08-08,181.5198,183.2695,180.37,182.6696,123396700
NVDA,NVIDIA Corporation,NVDA,2025-08-11,182.0197,183.8094,180.22,182.0297,138323200
NVDA,NVIDIA Corporation,NVDA,2025-08-12,182.9296,184.4493,179.4302,183.1296,145485700
NVDA,NVIDIA Corporation,NVDA,2025-08-13,182.5896,183.9394,179.3202,181.5598,179871700
NVDA,NVIDIA Corporation,NVDA,2025-08-14,179.7201,182.9896,179.4302,181.9897,129554000
NVDA,NVIDIA Corporation,NVDA,2025-08-15,181.8498,181.8698,178.0104,180.42,156602200
NVDA,NVIDIA Corporation,NVDA,2025-08-18,180.57,182.9096,180.56,181.9798,132008000
NVDA,NVIDIA Corporation,NVDA,2025-08-19,182.3997,182.4697,175.4608,175.6108,185229200
NVDA,NVIDIA Corporation,NVDA,2025-08-20,175.1409,175.9708,168.772,175.3708,215142700
NVDA,NVIDIA Corporation,NVDA,2025-08-21,174.8209,176.8706,173.7811,174.9509,140040900
NVDA,NVIDIA Corporation,NVDA,2025-08-22,172.5813,178.5603,171.1716,177.9604,172789400
NVDA,NVIDIA Corporation,NVDA,2025-08-25,178.3204,181.8798,176.5407,179.7801,163012800
NVDA,NVIDIA Corporation,NVDA,2025-08-26,180.0301,182.3597,178.7803,181.7398,168688200
NVDA,NVIDIA Corporation,NVDA,2025-08-27,181.9498,182.4597,179.0702,181.5698,235518900
NVDA,NVIDIA Corporation,NVDA,2025-08-28,180.79,184.4393,176.3807,180.1401,281787800
NVDA,NVIDIA Corporation,NVDA,2025-08-29,178.0804,178.1204,173.1212,174.151,243257900
NVDA,NVIDIA Corporation,NVDA,2025-09-02,169.9717,172.3514,167.1922,170.7516,231164900
NVDA,NVIDIA Corporation,NVDA,2025-09-03,171.0316,172.3814,168.852,170.5917,164424900
NVDA,NVIDIA Corporation,NVDA,2025-09-04,170.5417,171.8314,169.3819,171.6315,141670100
NVDA,NVIDIA Corporation,NVDA,2025-09-05,168.0021,169.0019,164.0428,166.9923,224441400
NVDA,NVIDIA Corporation,NVDA,2025-09-08,167.5222,170.9316,167.3222,168.282,163769100
NVDA,NVIDIA Corporation,NVDA,2025-09-09,169.0619,170.9516,166.7123,170.7316,157548400
NVDA,NVIDIA Corporation,NVDA,2025-09-10,176.6106,179.2602,175.4408,177.3005,226852000
NVDA,NVIDIA Corporation,NVDA,2025-09-11,179.6603,180.2602,176.4606,177.1506,151159300
NVDA,NVIDIA Corporation,NVDA,2025-09-12,177.7505,178.5804,176.4306,177.8005,124911000
NVDA,NVIDIA Corporation,NVDA,2025-09-15,175.6507,178.8304,174.4908,177.7305,147061600
NVDA,NVIDIA Corporation,NVDA,2025-09-16,176.9806,177.4805,174.3609,174.8608,140737800
NVDA,NVIDIA Corporation,NVDA,2025-09-17,172.621,173.181,168.3915,170.2713,211843800
NVDA,NVIDIA Corporation,NVDA,2025-09-18,173.9609,177.0806,172.941,176.2207,191763300
NVDA,NVIDIA Corporation,NVDA,2025-09-19,175.7507,178.0604,175.1607,176.6506,237182100
NVDA,NVIDIA Corporation,NVDA,2025-09-22,175.2808,184.5297,174.6908,183.5898,269637000
NVDA,NVIDIA Corporation,NVDA,2025-09-23,181.95,182.4,176.1907,178.4104,192559600
NVDA,NVIDIA Corporation,NVDA,2025-09-24,179.7503,179.7603,175.3807,176.9506,143564100
NVDA,NVIDIA Corporation,NVDA,2025-09-25,174.4608,180.2402,173.111,177.6705,191586700
NVDA,NVIDIA Corporation,NVDA,2025-09-26,178.1504,179.7503,174.9108,178.1704,148573700
NVDA,NVIDIA Corporation,NVDA,2025-09-29,180.4102,183.9798,180.3002,181.83,193063500
NVDA,NVIDIA Corporation,NVDA,2025-09-30,182.06,187.3294,181.4601,186.5595,236981000
NVDA,NVIDIA Corporation,NVDA,2025-10-01,185.2197,188.1193,183.8798,187.2195,173844900
NVDA,NVIDIA Corporation,NVDA,2025-10-02,189.5792,191.029,188.0394,188.8693,136805800
NVDA,NVIDIA Corporation,NVDA,2025-10-03,189.1692,190.3391,185.3597,187.5994,137596900
NVDA,NVIDIA Corporation,NVDA,2025-10-06,185.4796,187.2094,183.3099,185.5196,157678100
NVDA,NVIDIA Corporation,NVDA,2025-10-07,186.2096,189.0392,183.9798,185.0197,140088000
NVDA,NVIDIA Corporation,NVDA,2025-10-08,186.5495,189.5792,186.5195,189.0892,130168900
NVDA,NVIDIA Corporation,NVDA,2025-10-09,192.2089,195.2786,191.039,192.5489,182997200
NVDA,NVIDIA Corporation,NVDA,2025-10-10,193.4887,195.5985,182.03,183.1399,268774400
NVDA,NVIDIA Corporation,NVDA,2025-10-13,187.9494,190.0891,185.9396,188.2993,153482800
NVDA,NVIDIA Corporation,NVDA,2025-10-14,184.7497,184.7797,179.6803,180.0102,205641400
NVDA,NVIDIA Corporation,NVDA,2025-10-15,184.7797,184.8497,177.2705,179.8103,214450500
NVDA,NVIDIA Corporation,NVDA,2025-10-16,182.21,183.2599,179.7503,181.79,179723300
NVDA,NVIDIA Corporation,NVDA,2025-10-17,180.1602,184.0798,179.7303,183.1999,173135200
NVDA,NVIDIA Corporation,NVDA,2025-10-20,183.1099,185.1797,181.71,182.6199,128544700
NVDA,NVIDIA Corporation,NVDA,2025-10-21,182.7699,182.7699,179.7803,181.1401,124240200
NVDA,NVIDIA Corporation,NVDA,2025-10-22,181.1201,183.4199,176.7406,180.2602,162249600
NVDA,NVIDIA Corporation,NVDA,2025-10-23,180.4002,183.0099,179.7702,182.14,111363700
NVDA,NVIDIA Corporation,NVDA,2025-10-24,183.8198,187.4494,183.4798,186.2395,131296700
NVDA,NVIDIA Corporation,NVDA,2025-10-27,189.9691,191.9789,188.4093,191.469,153452700
NVDA,NVIDIA Corporation,NVDA,2025-10-28,193.0288,203.1277,191.8889,201.0079,297986200
NVDA,NVIDIA Corporation,NVDA,2025-10-29,207.9572,212.1667,204.7575,207.0173,308829600
NVDA,NVIDIA Corporation,NVDA,2025-10-30,205.1275,206.1374,201.3879,202.8677,178864400
NVDA,NVIDIA Corporation,NVDA,2025-10-31,206.4273,207.9472,202.0478,202.4678,179802200
NVDA,NVIDIA Corporation,NVDA,2025-11-03,208.0571,211.3168,205.5374,206.8573,180267300
NVDA,NVIDIA Corporation,NVDA,2025-11-04,202.9777,203.9476,197.9083,198.6682,188919300
NVDA,NVIDIA Corporation,NVDA,2025-11-05,198.7482,202.8977,194.6286,195.1886,171350300
NVDA,NVIDIA Corporation,NVDA,2025-11-06,196.3984,197.5983,186.3595,188.0594,223029800
NVDA,NVIDIA Corporation,NVDA,2025-11-07,184.8797,188.2993,178.8904,188.1293,264942300
NVDA,NVIDIA Corporation,NVDA,2025-11-10,195.0886,199.9181,193.7687,199.0282,198897100
NVDA,NVIDIA Corporation,NVDA,2025-11-11,195.1386,195.3985,191.279,193.1388,176483300
NVDA,NVIDIA Corporation,NVDA,2025-11-12,195.6985,195.8685,191.109,193.7787,154935300
NVDA,NVIDIA Corporation,NVDA,2025-11-13,191.029,191.419,183.8298,186.8395,207423100
NVDA,NVIDIA Corporation,NVDA,2025-11-14,182.8399,190.989,180.5602,190.1491,186591900
NVDA,NVIDIA Corporation,NVDA,2025-11-17,185.9496,188.9792,184.2998,186.5795,173628900
NVDA,NVIDIA Corporation,NVDA,2025-11-18,183.3599,184.7797,179.6303,181.3401,213598900
NVDA,NVIDIA Corporation,NVDA,2025-11-19,184.7697,187.8394,182.8099,186.4995,247246400
NVDA,NVIDIA Corporation,NVDA,2025-11-20,195.9285,195.9785,179.8303,180.6202,343504800
NVDA,NVIDIA Corporation,NVDA,2025-11-21,181.2201,184.5397,172.911,178.8604,346926200
NVDA,NVIDIA Corporation,NVDA,2025-11-24,179.4703,183.4799,176.4606,182.53,256618300
NVDA,NVIDIA Corporation,NVDA,2025-11-25,174.8908,178.1404,169.5314,177.8005,320600300
NVDA,NVIDIA Corporation,NVDA,2025-11-26,181.6101,182.8899,178.2204,180.2402,183852000
NVDA,NVIDIA Corporation,NVDA,2025-11-28,178.9903,179.2703,176.4806,176.9806,121332800
NVDA,NVIDIA Corporation,NVDA,2025-12-01,174.7408,180.2802,173.6609,179.9003,188131000
NVDA,NVIDIA Corporation,NVDA,2025-12-02,181.74,185.6396,179.9802,181.4401,182632200
NVDA,NVIDIA Corporation,NVDA,2025-12-03,181.0601,182.43,179.0903,179.5703,165138000
NVDA,NVIDIA Corporation,NVDA,2025-12-04,181.6102,184.51,179.9503,183.3701,167364900
NVDA,NVIDIA Corporation,NVDA,2025-12-05,183.88,184.65,180.9002,182.4001,143971100
NVDA,NVIDIA Corporation,NVDA,2025-12-08,182.6301,187.9898,182.3901,185.54,204378100
NVDA,NVIDIA Corporation,NVDA,2025-12-09,185.55,185.71,183.3101,184.96,144719700
NVDA,NVIDIA Corporation,NVDA,2025-12-10,184.96,185.47,182.0301,183.7701,162785400
NVDA,NVIDIA Corporation,NVDA,2025-12-11,180.2702,181.3102,176.6104,180.9202,182136600
NVDA,NVIDIA Corporation,NVDA,2025-12-12,181.1002,182.8101,174.6105,175.0105,204274900
NVDA,NVIDIA Corporation,NVDA,2025-12-15,177.9304,178.4103,175.0205,176.2805,164775600
NVDA,NVIDIA Corporation,NVDA,2025-12-16,176.2505,178.4804,174.8905,177.7104,148588100
NVDA,NVIDIA Corporation,NVDA,2025-12-17,176.0905,176.1205,170.3008,170.9308,222775500
NVDA,NVIDIA Corporation,NVDA,2025-12-18,174.5205,176.1405,171.8107,174.1306,176096000
NVDA,NVIDIA Corporation,NVDA,2025-12-19,176.6604,181.4402,176.3305,180.9802,324925900
NVDA,NVIDIA Corporation,NVDA,2025-12-22,183.91,184.15,182.3401,183.6801,129064400
NVDA,NVIDIA Corporation,NVDA,2025-12-23,182.9601,189.3198,182.8901,189.1998,174873600
NVDA,NVIDIA Corporation,NVDA,2025-12-24,187.9298,188.8998,186.5799,188.5998,65528500
NVDA,NVIDIA Corporation,NVDA,2025-12-26,189.9097,192.6796,187.9898,190.5197,139740300
NVDA,NVIDIA Corporation,NVDA,2025-12-29,187.6998,188.7498,185.8999,188.2098,120006100
NVDA,NVIDIA Corporation,NVDA,2025-12-30,188.2298,188.9798,186.9199,187.5298,97687300
NVDA,NVIDIA Corporation,NVDA,2025-12-31,189.5598,190.5497,186.4799,186.4899,120100500
NVDA,NVIDIA Corporation,NVDA,2026-01-02,189.8297,192.9195,188.2498,188.8398,148240500
NVDA,NVIDIA Corporation,NVDA,2026-01-05,191.7496,193.6195,186.1399,188.1098,183529700
NVDA,NVIDIA Corporation,NVDA,2026-01-06,190.5097,192.1596,186.8099,187.2299,176862600
NVDA,NVIDIA Corporation,NVDA,2026-01-07,188.5598,191.3596,186.5499,189.0998,153543200
NVDA,NVIDIA Corporation,NVDA,2026-01-08,189.0998,189.5397,183.7001,185.03,172457000
NVDA,NVIDIA Corporation,NVDA,2026-01-09,185.07,186.3299,183.6601,184.85,131327500
NVDA,NVIDIA Corporation,NVDA,2026-01-12,183.2101,187.1099,183.0101,184.93,137968500
NVDA,NVIDIA Corporation,NVDA,2026-01-13,184.99,188.0998,183.3901,185.7999,160128900
NVDA,NVIDIA Corporation,NVDA,2026-01-14,184.31,184.45,180.7902,183.1301,159586100
NVDA,NVIDIA Corporation,NVDA,2026-01-15,186.4899,189.6897,186.3199,187.0399,206188600
NVDA,NVIDIA Corporation,NVDA,2026-01-16,189.0698,190.4297,186.0699,186.2199,187967200
NVDA,NVIDIA Corporation,NVDA,2026-01-20,181.8901,182.3701,177.6004,178.0604,223345300
NVDA,NVIDIA Corporation,NVDA,2026-01-21,179.0403,185.37,178.3903,183.3101,200381000
NVDA,NVIDIA Corporation,NVDA,2026-01-22,184.74,186.1599,183.92,184.83,139636600
NVDA,NVIDIA Corporation,NVDA,2026-01-23,187.4898,189.5897,186.8099,187.6598,142748100
NVDA,NVIDIA Corporation,NVDA,2026-01-26,187.1499,189.1098,185.9799,186.4599,124799600
NVDA,NVIDIA Corporation,NVDA,2026-01-27,187.2299,189.9897,185.6899,188.5098,143711600
NVDA,NVIDIA Corporation,NVDA,2026-01-28,191.2597,192.3396,189.8297,191.5096,148552700
NVDA,NVIDIA Corporation,NVDA,2026-01-29,191.3296,193.4695,186.0499,192.4996,171764400
NVDA,NVIDIA Corporation,NVDA,2026-01-30,191.1997,194.4795,189.4597,191.1197,179489500
NVDA,NVIDIA Corporation,NVDA,2026-02-02,187.1899,190.2897,184.87,185.6,165794100
NVDA,NVIDIA Corporation,NVDA,2026-02-03,186.2299,186.2599,176.2205,180.3302,204019600
NVDA,NVIDIA Corporation,NVDA,2026-02-04,179.4503,179.5703,171.9007,174.1806,207014100
NVDA,NVIDIA Corporation,NVDA,2026-02-05,174.9205,176.8104,171.0207,171.8707,206312900
NVDA,NVIDIA Corporation,NVDA,2026-02-06,176.6804,186.9899,174.5906,185.4,231346200
NVDA,NVIDIA Corporation,NVDA,2026-02-09,184.25,193.6495,183.94,190.0297,196387400
NVDA,NVIDIA Corporation,NVDA,2026-02-10,191.3696,192.4696,188.1098,188.5298,136764800
NVDA,NVIDIA Corporation,NVDA,2026-02-11,192.4396,193.2495,188.7598,190.0397,144192700
NVDA,NVIDIA Corporation,NVDA,2026-02-12,193.0196,193.5995,186.4999,186.9299,189932500
NVDA,NVIDIA Corporation,NVDA,2026-02-13,187.4699,187.4899,181.5802,182.8001,161888000
NVDA,NVIDIA Corporation,NVDA,2026-02-17,181.7402,187.1399,179.1703,184.96,162276900
NVDA,NVIDIA Corporation,NVDA,2026-02-18,188.7398,190.3597,186.7499,187.9698,164749100
NVDA,NVIDIA Corporation,NVDA,2026-02-19,187.0499,188.4198,185.65,187.8898,126554500
NVDA,NVIDIA Corporation,NVDA,2026-02-20,186.5599,190.3197,185.9299,189.8097,178422300
NVDA,NVIDIA Corporation,NVDA,2026-02-23,191.3896,193.9395,189.5697,191.5396,171584800
NVDA,NVIDIA Corporation,NVDA,2026-02-24,191.4796,193.7595,187.3899,192.8396,175123600
NVDA,NVIDIA Corporation,NVDA,2026-02-25,194.4395,197.6193,193.7795,195.5494,250637100
NVDA,NVIDIA Corporation,NVDA,2026-02-26,194.2595,194.2795,184.31,184.88,360807900
NVDA,NVIDIA Corporation,NVDA,2026-02-27,181.2402,182.5801,176.3705,177.1804,311636500
NVDA,NVIDIA Corporation,NVDA,2026-03-02,175.0005,183.4501,174.6306,182.4701,209095300
NVDA,NVIDIA Corporation,NVDA,2026-03-03,178.4803,180.8902,176.9104,180.0403,178099400
NVDA,NVIDIA Corporation,NVDA,2026-03-04,180.4302,184.69,180.0503,183.0301,177731200
NVDA,NVIDIA Corporation,NVDA,2026-03-05,181.1602,184.05,177.8704,183.3301,198779700
NVDA,NVIDIA Corporation,NVDA,2026-03-06,179.8303,182.7501,176.8104,177.8104,189021900
NVDA,NVIDIA Corporation,NVDA,2026-03-09,176.8204,182.9001,175.5505,182.6401,177213600
NVDA,NVIDIA Corporation,NVDA,2026-03-10,182.3901,186.4299,182.0001,184.76,179118500
NVDA,NVIDIA Corporation,NVDA,2026-03-11,185.91,187.62,184.45,186.03,145280400
NVDA,NVIDIA Corporation,NVDA,2026-03-12,184.05,184.94,181.75,183.14,155762700
NVDA,NVIDIA Corporation,NVDA,2026-03-13,184.92,186.09,179.94,180.25,160988400
NVDA,NVIDIA Corporation,NVDA,2026-03-16,182.97,188.88,181.41,183.22,217307400
NVDA,NVIDIA Corporation,NVDA,2026-03-17,185.06,185.4,181.68,181.93,182497800
NVDA,NVIDIA Corporation,NVDA,2026-03-18,182.48,183.38,180.33,180.4,156683100
NVDA,NVIDIA Corporation,NVDA,2026-03-19,178.01,179.98,175.79,178.56,170968500
NVDA,NVIDIA Corporation,NVDA,2026-03-20,178.0,178.26,171.72,172.7,241323500
NVDA,NVIDIA Corporation,NVDA,2026-03-23,177.26,178.37,174.76,175.64,182836300
NVDA,NVIDIA Corporation,NVDA,2026-03-24,174.83,176.22,173.98,175.2,147667800
NVDA,NVIDIA Corporation,NVDA,2026-03-25,177.1,181.22,176.85,178.68,162602100
NVDA,NVIDIA Corporation,NVDA,2026-03-26,176.07,176.51,171.14,171.24,186152200
NVDA,NVIDIA Corporation,NVDA,2026-03-27,170.0,170.97,167.01,167.52,196212700
NVDA,NVIDIA Corporation,NVDA,2026-03-30,168.78,169.45,164.27,165.17,185627000
NVDA,NVIDIA Corporation,NVDA,2026-03-31,166.97,174.62,166.96,174.4,226181300
NVDA,NVIDIA Corporation,NVDA,2026-04-01,176.0,177.37,174.75,175.75,168132000
NVDA,NVIDIA Corporation,NVDA,2026-04-02,172.18,177.49,171.37,177.39,143143200
NVDA,NVIDIA Corporation,NVDA,2026-04-06,177.16,177.79,175.76,177.64,107564300
NVDA,NVIDIA Corporation,NVDA,2026-04-07,175.73,178.23,173.66,178.1,132534900
NVDA,NVIDIA Corporation,NVDA,2026-04-08,184.5,185.26,180.3,182.08,147732700
NVDA,NVIDIA Corporation,NVDA,2026-04-09,181.84,184.08,180.62,183.91,116428500
NVDA,NVIDIA Corporation,NVDA,2026-04-10,184.31,190.0,184.3,188.63,160459500
NVDA,NVIDIA Corporation,NVDA,2026-04-13,186.03,189.66,185.74,189.31,133648200
NVDA,NVIDIA Corporation,NVDA,2026-04-14,190.84,196.51,190.77,196.51,161307000
NVDA,NVIDIA Corporation,NVDA,2026-04-15,196.54,200.4,195.74,198.87,185338400
NVDA,NVIDIA Corporation,NVDA,2026-04-16,197.43,199.85,195.81,198.35,134012900
NVDA,NVIDIA Corporation,NVDA,2026-04-17,199.9,201.7,199.27,201.68,160324400
NVDA,NVIDIA Corporation,NVDA,2026-04-20,199.98,202.17,197.84,202.06,119381400
NVDA,NVIDIA Corporation,NVDA,2026-04-21,202.13,202.75,199.0,199.88,107945300
NVDA,NVIDIA Corporation,NVDA,2026-04-22,200.99,202.5,199.0,202.5,107501000
NVDA,NVIDIA Corporation,NVDA,2026-04-23,202.46,203.83,197.22,199.64,113561800
NVDA,NVIDIA Corporation,NVDA,2026-04-24,199.96,210.95,199.81,208.27,214134400
NVDA,NVIDIA Corporation,NVDA,2026-04-27,209.65,216.83,207.38,216.61,185608200
NVDA,NVIDIA Corporation,NVDA,2026-04-28,209.505,213.67,208.2,210.97,116346239
TSLA,Tesla Inc.,TSLA,2025-04-28,288.98,294.86,272.42,285.88,151731800
TSLA,Tesla Inc.,TSLA,2025-04-29,285.5,293.32,279.47,292.03,108906600
TSLA,Tesla Inc.,TSLA,2025-04-30,279.9,284.45,270.78,282.16,128961100
TSLA,Tesla Inc.,TSLA,2025-05-01,280.01,290.87,279.81,280.52,99659000
TSLA,Tesla Inc.,TSLA,2025-05-02,284.9,294.78,279.81,287.21,114454700
TSLA,Tesla Inc.,TSLA,2025-05-05,284.57,284.85,274.4,280.26,94618900
TSLA,Tesla Inc.,TSLA,2025-05-06,273.11,277.73,271.35,275.35,76715800
TSLA,Tesla Inc.,TSLA,2025-05-07,276.88,277.92,271.0,276.22,71592600
TSLA,Tesla Inc.,TSLA,2025-05-08,279.63,289.8,279.41,284.82,97539400
TSLA,Tesla Inc.,TSLA,2025-05-09,290.21,307.04,290.0,298.26,132387800
TSLA,Tesla Inc.,TSLA,2025-05-12,321.99,322.21,311.5,318.38,112826700
TSLA,Tesla Inc.,TSLA,2025-05-13,320.0,337.59,316.8,334.07,136992600
TSLA,Tesla Inc.,TSLA,2025-05-14,342.5,350.0,337.0,347.68,136997300
TSLA,Tesla Inc.,TSLA,2025-05-15,340.34,346.14,334.72,342.82,97882600
TSLA,Tesla Inc.,TSLA,2025-05-16,346.24,351.62,342.33,349.98,95895700
TSLA,Tesla Inc.,TSLA,2025-05-19,336.3,343.0,333.37,342.09,88869900
TSLA,Tesla Inc.,TSLA,2025-05-20,347.87,354.99,341.63,343.82,131715500
TSLA,Tesla Inc.,TSLA,2025-05-21,344.43,347.35,332.2,334.62,102354800
TSLA,Tesla Inc.,TSLA,2025-05-22,331.9,347.27,331.39,341.04,97113400
TSLA,Tesla Inc.,TSLA,2025-05-23,337.92,343.18,333.21,339.34,84654800
TSLA,Tesla Inc.,TSLA,2025-05-27,347.35,363.79,347.32,362.89,120146400
TSLA,Tesla Inc.,TSLA,2025-05-28,364.84,365.0,355.91,356.9,91404300
TSLA,Tesla Inc.,TSLA,2025-05-29,365.29,367.71,356.0,358.43,88087800
TSLA,Tesla Inc.,TSLA,2025-05-30,355.52,363.68,345.29,346.46,123474900
TSLA,Tesla Inc.,TSLA,2025-06-02,343.5,348.02,333.33,342.69,81873800
TSLA,Tesla Inc.,TSLA,2025-06-03,346.6,355.4,343.04,344.27,99324500
TSLA,Tesla Inc.,TSLA,2025-06-04,345.1,345.6,327.33,332.05,98912100
TSLA,Tesla Inc.,TSLA,2025-06-05,322.49,324.55,273.21,284.7,287499800
TSLA,Tesla Inc.,TSLA,2025-06-06,298.83,305.5,291.14,295.14,164747700
TSLA,Tesla Inc.,TSLA,2025-06-09,285.96,309.83,281.85,308.58,140908900
TSLA,Tesla Inc.,TSLA,2025-06-10,314.94,327.83,310.67,326.09,151256500
TSLA,Tesla Inc.,TSLA,2025-06-11,334.4,335.5,322.5,326.43,122611400
TSLA,Tesla Inc.,TSLA,2025-06-12,323.08,332.56,316.86,319.11,105127500
TSLA,Tesla Inc.,TSLA,2025-06-13,313.97,332.99,313.3,325.31,128964300
TSLA,Tesla Inc.,TSLA,2025-06-16,331.29,332.05,326.41,329.13,83925900
TSLA,Tesla Inc.,TSLA,2025-06-17,326.09,327.26,314.74,316.35,88282700
TSLA,Tesla Inc.,TSLA,2025-06-18,317.31,329.32,315.45,322.05,95137700
TSLA,Tesla Inc.,TSLA,2025-06-20,327.95,332.36,317.78,322.16,108688000
TSLA,Tesla Inc.,TSLA,2025-06-23,327.54,357.54,327.48,348.68,190716800
TSLA,Tesla Inc.,TSLA,2025-06-24,356.17,356.26,340.44,340.47,114736200
TSLA,Tesla Inc.,TSLA,2025-06-25,342.7,343.0,320.4,327.55,119845100
TSLA,Tesla Inc.,TSLA,2025-06-26,324.61,331.05,323.61,325.78,80440900
TSLA,Tesla Inc.,TSLA,2025-06-27,324.51,329.34,317.5,323.63,89067000
TSLA,Tesla Inc.,TSLA,2025-06-30,319.9,325.58,316.6,317.66,76695100
TSLA,Tesla Inc.,TSLA,2025-07-01,298.46,305.89,293.21,300.71,145085700
TSLA,Tesla Inc.,TSLA,2025-07-02,312.63,316.83,303.82,315.65,119483700
TSLA,Tesla Inc.,TSLA,2025-07-03,317.99,318.45,312.76,315.35,58042300
TSLA,Tesla Inc.,TSLA,2025-07-07,291.37,296.15,288.77,293.94,131177900
TSLA,Tesla Inc.,TSLA,2025-07-08,297.0,304.05,294.35,297.81,103246700
TSLA,Tesla Inc.,TSLA,2025-07-09,297.55,300.15,293.55,295.88,75586800
TSLA,Tesla Inc.,TSLA,2025-07-10,300.05,310.48,300.0,309.87,104365300
TSLA,Tesla Inc.,TSLA,2025-07-11,307.89,314.09,305.65,313.51,79236400
TSLA,Tesla Inc.,TSLA,2025-07-14,317.73,322.6,312.67,316.9,78043400
TSLA,Tesla Inc.,TSLA,2025-07-15,319.68,321.2,310.5,310.78,77556300
TSLA,Tesla Inc.,TSLA,2025-07-16,312.8,323.5,312.62,321.67,97284800
TSLA,Tesla Inc.,TSLA,2025-07-17,323.15,324.34,317.06,319.41,73922900
TSLA,Tesla Inc.,TSLA,2025-07-18,321.66,330.9,321.42,329.65,94255000
TSLA,Tesla Inc.,TSLA,2025-07-21,334.4,338.0,326.88,328.49,75768800
TSLA,Tesla Inc.,TSLA,2025-07-22,329.74,335.41,321.55,332.11,77370400
TSLA,Tesla Inc.,TSLA,2025-07-23,330.9,336.2,328.67,332.56,92553800
TSLA,Tesla Inc.,TSLA,2025-07-24,310.0,310.15,300.41,305.3,156966000
TSLA,Tesla Inc.,TSLA,2025-07-25,308.74,323.63,308.01,316.06,148227000
TSLA,Tesla Inc.,TSLA,2025-07-28,318.45,330.49,315.69,325.59,112673800
TSLA,Tesla Inc.,TSLA,2025-07-29,325.55,326.25,318.25,321.2,87358900
TSLA,Tesla Inc.,TSLA,2025-07-30,322.18,324.45,311.62,319.04,83931900
TSLA,Tesla Inc.,TSLA,2025-07-31,319.61,321.37,306.1,308.27,85270900
TSLA,Tesla Inc.,TSLA,2025-08-01,306.21,309.31,297.82,302.63,89121400
TSLA,Tesla Inc.,TSLA,2025-08-04,309.08,312.12,303.0,309.26,78683900
TSLA,Tesla Inc.,TSLA,2025-08-05,308.95,312.45,305.5,308.72,57961300
TSLA,Tesla Inc.,TSLA,2025-08-06,307.89,320.47,306.93,319.91,78523600
TSLA,Tesla Inc.,TSLA,2025-08-07,319.79,322.4,316.16,322.27,66658700
TSLA,Tesla Inc.,TSLA,2025-08-08,321.43,335.15,320.98,329.65,91200300
TSLA,Tesla Inc.,TSLA,2025-08-11,335.0,346.64,334.15,339.03,105320200
TSLA,Tesla Inc.,TSLA,2025-08-12,345.0,345.26,332.94,340.84,80522100
TSLA,Tesla Inc.,TSLA,2025-08-13,341.5,348.98,338.2,339.38,67838900
TSLA,Tesla Inc.,TSLA,2025-08-14,335.76,340.47,330.4,335.58,75000700
TSLA,Tesla Inc.,TSLA,2025-08-15,337.66,339.3,327.02,330.56,74319800
TSLA,Tesla Inc.,TSLA,2025-08-18,329.62,336.27,329.59,335.16,56956600
TSLA,Tesla Inc.,TSLA,2025-08-19,335.79,340.55,327.85,329.31,75956000
TSLA,Tesla Inc.,TSLA,2025-08-20,329.22,331.37,314.6,323.9,77481800
TSLA,Tesla Inc.,TSLA,2025-08-21,322.08,324.9,318.68,320.11,55744400
TSLA,Tesla Inc.,TSLA,2025-08-22,321.66,340.25,319.69,340.01,94016300
TSLA,Tesla Inc.,TSLA,2025-08-25,338.9,349.53,335.03,346.6,86670000
TSLA,Tesla Inc.,TSLA,2025-08-26,344.93,351.9,343.72,351.67,76651600
TSLA,Tesla Inc.,TSLA,2025-08-27,351.94,355.39,349.16,349.6,65519000
TSLA,Tesla Inc.,TSLA,2025-08-28,350.91,353.55,340.26,345.98,67903200
TSLA,Tesla Inc.,TSLA,2025-08-29,347.23,348.75,331.7,333.87,81145700
TSLA,Tesla Inc.,TSLA,2025-09-02,328.23,333.33,325.6,329.36,58392000
TSLA,Tesla Inc.,TSLA,2025-09-03,335.2,343.33,328.51,334.09,88733300
TSLA,Tesla Inc.,TSLA,2025-09-04,336.15,338.89,331.48,338.53,60711000
TSLA,Tesla Inc.,TSLA,2025-09-05,348.0,355.87,344.68,350.84,108989800
TSLA,Tesla Inc.,TSLA,2025-09-08,354.64,358.44,344.84,346.4,75208300
TSLA,Tesla Inc.,TSLA,2025-09-09,348.44,350.77,343.82,346.97,53816000
TSLA,Tesla Inc.,TSLA,2025-09-10,350.55,356.33,346.07,347.79,72121700
TSLA,Tesla Inc.,TSLA,2025-09-11,350.17,368.99,347.6,368.81,103756000
TSLA,Tesla Inc.,TSLA,2025-09-12,370.94,396.69,370.24,395.94,168156400
TSLA,Tesla Inc.,TSLA,2025-09-15,423.13,425.7,402.43,410.04,163823700
TSLA,Tesla Inc.,TSLA,2025-09-16,414.5,423.25,411.43,421.62,104285700
TSLA,Tesla Inc.,TSLA,2025-09-17,415.75,428.31,409.67,425.86,106133500
TSLA,Tesla Inc.,TSLA,2025-09-18,428.87,432.22,416.56,416.85,90454500
TSLA,Tesla Inc.,TSLA,2025-09-19,421.82,429.47,421.72,426.07,93131000
TSLA,Tesla Inc.,TSLA,2025-09-22,431.11,444.98,429.13,434.21,97108800
TSLA,Tesla Inc.,TSLA,2025-09-23,439.88,440.97,423.72,425.85,83422700
TSLA,Tesla Inc.,TSLA,2025-09-24,429.83,444.21,429.03,442.79,93133600
TSLA,Tesla Inc.,TSLA,2025-09-25,435.24,435.35,419.08,423.39,96746400
TSLA,Tesla Inc.,TSLA,2025-09-26,428.3,440.47,421.02,440.4,101628200
TSLA,Tesla Inc.,TSLA,2025-09-29,444.35,450.98,439.5,443.21,79491500
TSLA,Tesla Inc.,TSLA,2025-09-30,441.52,445.0,433.12,444.72,74358000
TSLA,Tesla Inc.,TSLA,2025-10-01,443.8,462.29,440.75,459.46,98122300
TSLA,Tesla Inc.,TSLA,2025-10-02,470.54,470.75,435.57,436.0,137009000
TSLA,Tesla Inc.,TSLA,2025-10-03,443.29,446.77,416.58,429.83,133188200
TSLA,Tesla Inc.,TSLA,2025-10-06,440.75,453.55,436.69,453.25,85324900
TSLA,Tesla Inc.,TSLA,2025-10-07,447.82,452.68,432.45,433.09,102296100
TSLA,Tesla Inc.,TSLA,2025-10-08,437.57,441.33,425.23,438.69,71192100
TSLA,Tesla Inc.,TSLA,2025-10-09,431.81,436.35,426.18,435.54,69339900
TSLA,Tesla Inc.,TSLA,2025-10-10,436.54,443.13,411.45,413.49,112107900
TSLA,Tesla Inc.,TSLA,2025-10-13,423.53,436.89,419.7,435.9,79552800
TSLA,Tesla Inc.,TSLA,2025-10-14,426.79,434.2,417.86,429.24,72669400
TSLA,Tesla Inc.,TSLA,2025-10-15,434.9,440.51,426.33,435.15,71558200
TSLA,Tesla Inc.,TSLA,2025-10-16,434.73,439.35,421.31,428.75,77189900
TSLA,Tesla Inc.,TSLA,2025-10-17,425.5,441.46,423.6,439.31,89331600
TSLA,Tesla Inc.,TSLA,2025-10-20,443.87,449.8,440.61,447.43,63719000
TSLA,Tesla Inc.,TSLA,2025-10-21,445.76,449.3,442.05,442.6,54412200
TSLA,Tesla Inc.,TSLA,2025-10-22,443.45,445.54,429.0,438.97,84023500
TSLA,Tesla Inc.,TSLA,2025-10-23,420.0,449.4,413.9,448.98,126709800
TSLA,Tesla Inc.,TSLA,2025-10-24,446.83,451.68,430.17,433.72,94727800
TSLA,Tesla Inc.,TSLA,2025-10-27,439.98,460.16,438.69,452.42,105867500
TSLA,Tesla Inc.,TSLA,2025-10-28,454.78,467.0,451.6,460.55,80185700
TSLA,Tesla Inc.,TSLA,2025-10-29,462.5,465.7,452.65,461.51,67983500
TSLA,Tesla Inc.,TSLA,2025-10-30,451.05,455.06,439.61,440.1,72447900
TSLA,Tesla Inc.,TSLA,2025-10-31,446.75,458.0,443.69,456.56,83135800
TSLA,Tesla Inc.,TSLA,2025-11-03,455.99,474.07,453.8,468.37,84595200
TSLA,Tesla Inc.,TSLA,2025-11-04,454.46,460.22,443.6,444.26,87756600
TSLA,Tesla Inc.,TSLA,2025-11-05,452.05,466.33,440.71,462.07,85573000
TSLA,Tesla Inc.,TSLA,2025-11-06,461.96,467.45,435.09,445.91,109622900
TSLA,Tesla Inc.,TSLA,2025-11-07,437.92,439.36,421.88,429.52,103471500
TSLA,Tesla Inc.,TSLA,2025-11-10,439.6,449.67,433.36,445.23,76515900
TSLA,Tesla Inc.,TSLA,2025-11-11,439.4,442.49,432.36,439.62,60533200
TSLA,Tesla Inc.,TSLA,2025-11-12,442.15,442.33,426.56,430.6,58513500
TSLA,Tesla Inc.,TSLA,2025-11-13,423.13,424.5,396.34,401.99,118948000
TSLA,Tesla Inc.,TSLA,2025-11-14,386.3,412.19,382.78,404.35,105506700
TSLA,Tesla Inc.,TSLA,2025-11-17,398.74,423.96,398.74,408.92,102214300
TSLA,Tesla Inc.,TSLA,2025-11-18,405.38,408.9,393.71,401.25,80688600
TSLA,Tesla Inc.,TSLA,2025-11-19,406.18,411.78,398.5,403.99,72047700
TSLA,Tesla Inc.,TSLA,2025-11-20,414.63,428.94,394.74,395.23,113548800
TSLA,Tesla Inc.,TSLA,2025-11-21,402.32,402.8,383.76,391.09,100460600
TSLA,Tesla Inc.,TSLA,2025-11-24,402.17,421.72,401.09,417.78,96806400
TSLA,Tesla Inc.,TSLA,2025-11-25,414.42,420.48,405.95,419.4,71915600
TSLA,Tesla Inc.,TSLA,2025-11-26,423.95,426.94,416.89,426.58,63463000
TSLA,Tesla Inc.,TSLA,2025-11-28,426.59,432.93,426.2,430.17,36252900
TSLA,Tesla Inc.,TSLA,2025-12-01,425.32,433.66,425.29,430.14,57463600
TSLA,Tesla Inc.,TSLA,2025-12-02,430.81,436.8,422.12,429.24,69336600
TSLA,Tesla Inc.,TSLA,2025-12-03,432.1,447.92,431.11,446.74,87483000
TSLA,Tesla Inc.,TSLA,2025-12-04,449.94,454.63,445.39,454.53,71906500
TSLA,Tesla Inc.,TSLA,2025-12-05,453.03,458.87,451.66,455.0,56427500
TSLA,Tesla Inc.,TSLA,2025-12-08,447.45,449.75,435.25,439.58,69165800
TSLA,Tesla Inc.,TSLA,2025-12-09,437.54,452.39,435.7,445.17,62367400
TSLA,Tesla Inc.,TSLA,2025-12-10,446.07,456.88,443.61,451.45,63257500
TSLA,Tesla Inc.,TSLA,2025-12-11,448.95,449.27,440.33,446.89,55979500
TSLA,Tesla Inc.,TSLA,2025-12-12,448.09,463.01,441.67,458.96,95656700
TSLA,Tesla Inc.,TSLA,2025-12-15,469.44,481.77,467.66,475.31,114542200
TSLA,Tesla Inc.,TSLA,2025-12-16,472.21,491.5,465.83,489.88,107608100
TSLA,Tesla Inc.,TSLA,2025-12-17,488.22,495.28,466.2,467.26,106490400
TSLA,Tesla Inc.,TSLA,2025-12-18,478.16,490.86,473.12,483.37,95168400
TSLA,Tesla Inc.,TSLA,2025-12-19,488.12,490.49,474.72,481.2,103305400
TSLA,Tesla Inc.,TSLA,2025-12-22,489.88,498.83,485.33,488.73,86916100
TSLA,Tesla Inc.,TSLA,2025-12-23,489.4,491.97,482.84,485.56,58223600
TSLA,Tesla Inc.,TSLA,2025-12-24,488.48,490.9,476.8,485.4,41285400
TSLA,Tesla Inc.,TSLA,2025-12-26,485.23,489.09,473.82,475.19,58780700
TSLA,Tesla Inc.,TSLA,2025-12-29,469.0,469.4,459.0,459.64,66263000
TSLA,Tesla Inc.,TSLA,2025-12-30,461.09,463.12,453.83,454.43,59238500
TSLA,Tesla Inc.,TSLA,2025-12-31,456.1,456.55,449.3,449.72,49078000
TSLA,Tesla Inc.,TSLA,2026-01-02,457.8,458.34,435.3,438.07,85535400
TSLA,Tesla Inc.,TSLA,2026-01-05,447.99,457.55,444.57,451.67,67940800
TSLA,Tesla Inc.,TSLA,2026-01-06,446.38,448.25,428.78,432.96,89093800
TSLA,Tesla Inc.,TSLA,2026-01-07,435.9,438.37,431.29,431.41,59828800
TSLA,Tesla Inc.,TSLA,2026-01-08,427.89,436.89,424.37,435.8,57041100
TSLA,Tesla Inc.,TSLA,2026-01-09,435.95,449.05,430.39,445.01,67331500
TSLA,Tesla Inc.,TSLA,2026-01-12,441.23,454.3,438.0,448.96,61649600
TSLA,Tesla Inc.,TSLA,2026-01-13,450.2,451.81,443.95,447.2,53719200
TSLA,Tesla Inc.,TSLA,2026-01-14,442.81,443.91,434.22,439.2,57259500
TSLA,Tesla Inc.,TSLA,2026-01-15,441.13,445.36,437.65,438.57,49465800
TSLA,Tesla Inc.,TSLA,2026-01-16,439.5,447.25,435.26,437.5,60220600
TSLA,Tesla Inc.,TSLA,2026-01-20,429.36,430.73,417.44,419.25,63187300
TSLA,Tesla Inc.,TSLA,2026-01-21,421.66,438.2,419.62,431.44,68124000
TSLA,Tesla Inc.,TSLA,2026-01-22,435.16,449.5,432.63,449.36,71546700
TSLA,Tesla Inc.,TSLA,2026-01-23,447.43,452.43,444.04,449.06,56771400
TSLA,Tesla Inc.,TSLA,2026-01-26,445.0,445.04,434.28,435.2,49397400
TSLA,Tesla Inc.,TSLA,2026-01-27,437.41,437.52,430.69,430.9,37733100
TSLA,Tesla Inc.,TSLA,2026-01-28,431.91,438.26,430.1,431.46,54857400
TSLA,Tesla Inc.,TSLA,2026-01-29,437.8,440.23,414.62,416.56,81686100
TSLA,Tesla Inc.,TSLA,2026-01-30,425.35,439.88,422.7,430.41,82626100
TSLA,Tesla Inc.,TSLA,2026-02-02,421.29,427.15,414.5,421.81,58739500
TSLA,Tesla Inc.,TSLA,2026-02-03,424.27,428.56,413.69,421.96,56886500
TSLA,Tesla Inc.,TSLA,2026-02-04,420.46,423.9,399.18,406.01,74606900
TSLA,Tesla Inc.,TSLA,2026-02-05,397.02,402.1,387.53,397.21,72819800
TSLA,Tesla Inc.,TSLA,2026-02-06,400.87,414.55,397.75,411.11,62677100
TSLA,Tesla Inc.,TSLA,2026-02-09,409.91,421.25,407.29,417.32,54484300
TSLA,Tesla Inc.,TSLA,2026-02-10,418.08,427.25,417.0,425.21,64450200
TSLA,Tesla Inc.,TSLA,2026-02-11,427.96,436.35,420.03,428.27,57362000
TSLA,Tesla Inc.,TSLA,2026-02-12,430.3,436.23,414.0,417.07,61933400
TSLA,Tesla Inc.,TSLA,2026-02-13,414.31,424.06,410.88,417.44,51434100
TSLA,Tesla Inc.,TSLA,2026-02-17,412.36,413.72,400.51,410.63,59678800
TSLA,Tesla Inc.,TSLA,2026-02-18,411.11,416.9,409.58,411.32,45921400
TSLA,Tesla Inc.,TSLA,2026-02-19,407.25,415.25,404.11,411.71,51019600
TSLA,Tesla Inc.,TSLA,2026-02-20,408.3,414.7,405.5,411.82,57912200
TSLA,Tesla Inc.,TSLA,2026-02-23,407.29,407.7,394.04,399.83,69680000
TSLA,Tesla Inc.,TSLA,2026-02-24,399.5,410.82,397.64,409.38,58579500
TSLA,Tesla Inc.,TSLA,2026-02-25,412.15,420.34,412.15,417.4,54809700
TSLA,Tesla Inc.,TSLA,2026-02-26,414.42,416.81,403.66,408.58,53602500
TSLA,Tesla Inc.,TSLA,2026-02-27,402.94,407.12,398.11,402.51,56890100
TSLA,Tesla Inc.,TSLA,2026-03-02,390.6,404.54,388.25,403.32,55088300
TSLA,Tesla Inc.,TSLA,2026-03-03,395.09,396.34,385.39,392.43,62617300
TSLA,Tesla Inc.,TSLA,2026-03-04,397.85,408.33,394.58,405.94,68305500
TSLA,Tesla Inc.,TSLA,2026-03-05,401.57,408.62,399.42,405.55,51925900
TSLA,Tesla Inc.,TSLA,2026-03-06,398.09,402.35,394.21,396.73,64054600
TSLA,Tesla Inc.,TSLA,2026-03-09,390.05,401.59,381.4,398.68,67018900
TSLA,Tesla Inc.,TSLA,2026-03-10,402.22,406.59,398.19,399.24,59258700
TSLA,Tesla Inc.,TSLA,2026-03-11,402.28,416.38,402.15,407.82,62559900
TSLA,Tesla Inc.,TSLA,2026-03-12,405.18,406.5,394.65,395.01,60973800
TSLA,Tesla Inc.,TSLA,2026-03-13,399.17,400.2,389.95,391.2,58504100
TSLA,Tesla Inc.,TSLA,2026-03-16,396.22,403.73,394.42,395.56,58068300
TSLA,Tesla Inc.,TSLA,2026-03-17,395.69,400.12,393.0,399.27,46890500
TSLA,Tesla Inc.,TSLA,2026-03-18,399.0,403.07,392.31,392.78,50853100
TSLA,Tesla Inc.,TSLA,2026-03-19,387.27,387.27,378.73,380.3,67078300
TSLA,Tesla Inc.,TSLA,2026-03-20,379.85,379.89,364.46,367.96,78628600
TSLA,Tesla Inc.,TSLA,2026-03-23,373.09,385.33,372.73,380.85,74606000
TSLA,Tesla Inc.,TSLA,2026-03-24,376.56,387.48,376.31,383.03,60004900
TSLA,Tesla Inc.,TSLA,2026-03-25,389.99,396.23,385.01,385.95,55157300
TSLA,Tesla Inc.,TSLA,2026-03-26,381.6,384.44,371.87,372.11,55522900
TSLA,Tesla Inc.,TSLA,2026-03-27,369.69,369.86,359.47,361.83,62065700
TSLA,Tesla Inc.,TSLA,2026-03-30,365.86,367.29,352.14,355.28,67954400
TSLA,Tesla Inc.,TSLA,2026-03-31,361.51,373.33,361.0,371.75,75534900
TSLA,Tesla Inc.,TSLA,2026-04-01,378.63,383.14,374.08,381.26,58683800
TSLA,Tesla Inc.,TSLA,2026-04-02,364.2,370.28,359.03,360.59,83031200
TSLA,Tesla Inc.,TSLA,2026-04-06,362.59,367.72,346.64,352.82,77697600
TSLA,Tesla Inc.,TSLA,2026-04-07,346.44,348.02,337.24,346.65,74515400
TSLA,Tesla Inc.,TSLA,2026-04-08,363.79,364.5,339.67,343.25,78838600
TSLA,Tesla Inc.,TSLA,2026-04-09,343.15,348.88,337.25,345.62,62164000
TSLA,Tesla Inc.,TSLA,2026-04-10,346.29,350.36,342.74,348.95,51336000
TSLA,Tesla Inc.,TSLA,2026-04-13,350.07,356.35,348.57,352.42,53617500
TSLA,Tesla Inc.,TSLA,2026-04-14,357.67,367.63,354.77,364.2,59979600
TSLA,Tesla Inc.,TSLA,2026-04-15,366.83,394.65,362.5,391.95,113810400
TSLA,Tesla Inc.,TSLA,2026-04-16,393.81,394.06,381.8,388.9,63515100
TSLA,Tesla Inc.,TSLA,2026-04-17,395.92,409.28,391.65,400.62,90640000
TSLA,Tesla Inc.,TSLA,2026-04-20,402.58,406.8,388.33,392.5,64603900
TSLA,Tesla Inc.,TSLA,2026-04-21,393.0,393.95,385.22,386.42,50530600
TSLA,Tesla Inc.,TSLA,2026-04-22,387.57,393.01,385.3,387.51,62362800
TSLA,Tesla Inc.,TSLA,2026-04-23,375.28,386.0,368.39,373.72,93969500
TSLA,Tesla Inc.,TSLA,2026-04-24,373.5,382.76,370.73,376.3,62893300
TSLA,Tesla Inc.,TSLA,2026-04-27,372.09,380.78,364.02,378.67,66583400
TSLA,Tesla Inc.,TSLA,2026-04-28,374.625,382.29,372.54,376.255,35282068
